=HYPERLINK("https://ncode.syosetu.com/n0611em/","陰の実力者になりたくて！【web版】");23422;222162
=HYPERLINK("https://ncode.syosetu.com/n1474fh/","一億年ボタンを連打した俺は、気付いたら最強になっていた～落第剣士の学院無双～");23145;217402
=HYPERLINK("https://ncode.syosetu.com/n9669bk/","無職転生　- 異世界行ったら本気だす -");19198;184665
=HYPERLINK("https://ncode.syosetu.com/n2415eg/","そのおっさん、異世界で二周目プレイを満喫中");14333;131933
=HYPERLINK("https://ncode.syosetu.com/n1624fi/","貴族転生～恵まれた生まれから最強の力を得る");14141;133043
=HYPERLINK("https://ncode.syosetu.com/n4029bs/","謙虚、堅実をモットーに生きております！");13894;133914
=HYPERLINK("https://ncode.syosetu.com/n8611bv/","ありふれた職業で世界最強");13350;125926
=HYPERLINK("https://ncode.syosetu.com/n7637dj/","魔王様の街づくり！～最強のダンジョンは近代都市～");12936;120178
=HYPERLINK("https://ncode.syosetu.com/n2710db/","とんでもスキルで異世界放浪メシ");12876;118282
=HYPERLINK("https://ncode.syosetu.com/n9902bn/","デスマーチからはじまる異世界狂想曲（ web版 ）");12235;113724
=HYPERLINK("https://ncode.syosetu.com/n4830bu/","本好きの下剋上　～司書になるためには手段を選んでいられません～");11356;111295
=HYPERLINK("https://ncode.syosetu.com/n4259s/","異世界迷宮で奴隷ハーレムを");11064;99280
=HYPERLINK("https://ncode.syosetu.com/n8802bq/","八男って、それはないでしょう！　");10970;99856
=HYPERLINK("https://ncode.syosetu.com/n6475db/","私、能力は平均値でって言ったよね！");10861;101305
=HYPERLINK("https://ncode.syosetu.com/n7975cr/","蜘蛛ですが、なにか？");10378;97804
=HYPERLINK("https://ncode.syosetu.com/n6316bn/","転生したらスライムだった件");10323;98447
=HYPERLINK("https://ncode.syosetu.com/n3289ds/","異世界のんびり農家");9889;93111
=HYPERLINK("https://ncode.syosetu.com/n2267be/","Ｒｅ：ゼロから始める異世界生活");9340;90357
=HYPERLINK("https://ncode.syosetu.com/n6970df/","ライブダンジョン！");8811;83177
=HYPERLINK("https://ncode.syosetu.com/n3009bk/","盾の勇者の成り上がり");8353;76834
=HYPERLINK("https://ncode.syosetu.com/n5981bn/","ニートだけどハロワにいったら異世界につれてかれた");8238;75497
=HYPERLINK("https://ncode.syosetu.com/n9418eg/","モンスターがあふれる世界になったので、好きに生きたいと思います");8165;76613
=HYPERLINK("https://ncode.syosetu.com/n0955el/","(´・ω・`)最強勇者はお払い箱→魔王になったらずっと俺の無双ターン");8115;74926
=HYPERLINK("https://ncode.syosetu.com/n2224dv/","レベル１だけどユニークスキルで最強です");7995;73597
=HYPERLINK("https://ncode.syosetu.com/n8829fs/","没落予定の貴族だけど、暇だったから魔法を極めてみた");7974;73851
=HYPERLINK("https://ncode.syosetu.com/n3556o/","Knight's & Magic");7968;74977
=HYPERLINK("https://ncode.syosetu.com/n8440fe/"," お隣の天使様にいつの間にか駄目人間にされていた件");7920;77620
=HYPERLINK("https://ncode.syosetu.com/n2413ep/","マジカル★エクスプローラー　エロゲの友人キャラに転生したけど、ゲーム知識使って自由に生きる");7879;75315
=HYPERLINK("https://ncode.syosetu.com/n5375cy/","転生して田舎でスローライフをおくりたい");7665;71172
=HYPERLINK("https://ncode.syosetu.com/n5712dr/","失格紋の最強賢者　～世界最強の賢者が更に強くなるために転生しました～");7456;68014
=HYPERLINK("https://ncode.syosetu.com/n1701bm/","異世界食堂");7439;70755
=HYPERLINK("https://ncode.syosetu.com/n6774eh/","元・世界１位のサブキャラ育成日記 ～廃プレイヤー、異世界を攻略中！～");7321;69882
=HYPERLINK("https://ncode.syosetu.com/n5691dd/","即死チートが最強すぎて、異世界のやつらがまるで相手にならないんですが。");7275;67120
=HYPERLINK("https://ncode.syosetu.com/n3191eh/","乙女ゲー世界はモブに厳しい世界です");7131;68216
=HYPERLINK("https://ncode.syosetu.com/n3428fa/","異世界賢者の転生無双　～ゲームの知識で異世界最強～");7050;64613
=HYPERLINK("https://ncode.syosetu.com/n3726bt/","レジェンド");6984;62869
=HYPERLINK("https://ncode.syosetu.com/n2031cu/","異世界転移で女神様から祝福を！　～いえ、手持ちの異能があるので結構です～");6957;64083
=HYPERLINK("https://ncode.syosetu.com/n1793ei/","転生賢者の異世界ライフ　～第二の職業を得て、世界最強になりました～");6931;63395
=HYPERLINK("https://ncode.syosetu.com/n6768bf/","フェアリーテイル・クロニクル　～空気読まない異世界ライフ～");6859;64227
=HYPERLINK("https://ncode.syosetu.com/n8937fs/","最強クランのマスターは最弱最凶の支援職　～外れジョブ「話術士」でも頭脳と頼れる仲間の力で世界最強の探索者です～");6850;66219
=HYPERLINK("https://ncode.syosetu.com/n4054by/","進化の実～知らないうちに勝ち組人生～");6741;61592
=HYPERLINK("https://ncode.syosetu.com/n1898i/","ウォルテニア戦記【Web投稿版】");6687;61275
=HYPERLINK("https://ncode.syosetu.com/n7251fq/","俺の前世の知識で底辺職テイマーが上級職になってしまいそうな件について ");6661;60979
=HYPERLINK("https://ncode.syosetu.com/n3406u/","理想のヒモ生活");6617;61154
=HYPERLINK("https://ncode.syosetu.com/n9078bd/","この世界がゲームだと俺だけが知っている");6594;62000
=HYPERLINK("https://ncode.syosetu.com/n6169dz/","シャングリラ・フロンティア〜クソゲーハンター、神ゲーに挑まんとす〜");6561;64072
=HYPERLINK("https://ncode.syosetu.com/n3148ex/","世界最高の暗殺者、異世界貴族に転生する");6547;61557
=HYPERLINK("https://ncode.syosetu.com/n1576cu/","人狼への転生、魔王の副官");6526;62590
=HYPERLINK("https://ncode.syosetu.com/n2627t/","黒の魔王");6525;60685
=HYPERLINK("https://ncode.syosetu.com/n6093en/","嘆きの亡霊は引退したい　〜最弱ハンターは英雄の夢を見る〜");6459;62777
=HYPERLINK("https://ncode.syosetu.com/n8577dn/","望まぬ不死の冒険者");6450;60077
=HYPERLINK("https://ncode.syosetu.com/n7648bn/","マギクラフト・マイスター");6409;57981
=HYPERLINK("https://ncode.syosetu.com/n7031bs/","金色の文字使い　～勇者四人に巻き込まれたユニークチート～");6298;56995
=HYPERLINK("https://ncode.syosetu.com/n4185ci/","くま　クマ　熊　ベアー");6271;57785
=HYPERLINK("https://ncode.syosetu.com/n1337cn/","公爵令嬢の嗜み");6236;58044
=HYPERLINK("https://ncode.syosetu.com/n6621fl/","昏き宮殿の死者の王");6230;60296
=HYPERLINK("https://ncode.syosetu.com/n2377fh/","最強出涸らし皇子の暗躍帝位争い～帝位に興味ないですが、死ぬのは嫌なので弟を皇帝にしようと思います～");6202;59016
=HYPERLINK("https://ncode.syosetu.com/n5966bh/","詰みかけ転生領主の改革（旧：詰みかけ転生領主の奮闘記）");6163;56937
=HYPERLINK("https://ncode.syosetu.com/n0031ei/","異世界国家アルキマイラ　―最弱の王と無双の軍勢―");6110;58075
=HYPERLINK("https://ncode.syosetu.com/n1785ek/","ハズレ枠の【状態異常スキル】で最強になった俺がすべてを蹂躙するまで");6096;57495
=HYPERLINK("https://ncode.syosetu.com/n4936dp/","転生貴族の異世界冒険録～自重を知らない神々の使徒～");6047;55911
=HYPERLINK("https://ncode.syosetu.com/n4128bn/","奪う者　奪われる者");6035;55121
=HYPERLINK("https://ncode.syosetu.com/n5115cq/","最果てのパラディン");5986;57846
=HYPERLINK("https://ncode.syosetu.com/n8139dg/","聖女の魔力は万能です");5969;55850
=HYPERLINK("https://ncode.syosetu.com/n6006cw/","転生したら剣でした");5952;55854
=HYPERLINK("https://ncode.syosetu.com/n6829bd/","賢者の弟子を名乗る賢者");5931;55344
=HYPERLINK("https://ncode.syosetu.com/n4836fm/","難攻不落の魔王城へようこそ～デバフは不要と勇者パーティーを追い出された黒魔導士、魔王軍の最高幹部に迎えられる～");5925;56832
=HYPERLINK("https://ncode.syosetu.com/n2721ek/","宿屋の倅、時空間魔術に目覚める　～真の勇者とか結構ですので宿屋やらせて～");5922;53371
=HYPERLINK("https://ncode.syosetu.com/n3722ev/","【web版】ここは俺に任せて先に行けと言ってから10年がたったら伝説になっていた。");5893;53215
=HYPERLINK("https://ncode.syosetu.com/n5881cl/","賢者の孫");5881;52883
=HYPERLINK("https://ncode.syosetu.com/n7945fn/","Ｄジェネシス　ダンジョンができて３年（旧：ダンジョンが出来て３年。いきなり世界ランク１位になった俺は、会社を辞めてゆるゆると生きてます。）");5779;54775
=HYPERLINK("https://ncode.syosetu.com/n7594ct/","10年ごしの引きニートを辞めて外出したら自宅ごと異世界に転移してた");5738;53978
=HYPERLINK("https://ncode.syosetu.com/n3102y/","ネトオク男の楽しい異世界貿易紀行");5656;51452
=HYPERLINK("https://ncode.syosetu.com/n8915bv/","甘く優しい世界で生きるには");5624;51739
=HYPERLINK("https://ncode.syosetu.com/n5947eg/","冒険者になりたいと都に出て行った娘がＳランクになってた");5608;53585
=HYPERLINK("https://ncode.syosetu.com/n1976ey/","俺は星間国家の悪徳領主！");5566;53169
=HYPERLINK("https://ncode.syosetu.com/n1217et/","信者ゼロの女神サマと始める異世界攻略　クラスメイト最弱の魔法使い");5549;52521
=HYPERLINK("https://ncode.syosetu.com/n5490cq/","絶対に働きたくないダンジョンマスターが惰眠をむさぼるまで");5542;51415
=HYPERLINK("https://ncode.syosetu.com/n3830dd/","村人ですが何か？（ウェブ版）");5469;48450
=HYPERLINK("https://ncode.syosetu.com/n4202cb/","用務員さんは勇者じゃありませんので");5360;49985
=HYPERLINK("https://ncode.syosetu.com/n4698cv/","転生したらドラゴンの卵だった～最強以外目指さねぇ～");5342;49245
=HYPERLINK("https://ncode.syosetu.com/n5864cn/","おかしな転生");5315;49765
=HYPERLINK("https://ncode.syosetu.com/n6332bx/","二度目の人生を異世界で");5253;47460
=HYPERLINK("https://ncode.syosetu.com/n7094fo/","栽培チートで最強菜園　～え、ただの家庭菜園ですけど？～");5239;48340
=HYPERLINK("https://ncode.syosetu.com/n0074em/","【web版】最強の魔導士。ひざに矢をうけてしまったので田舎の衛兵になる");5237;48282
=HYPERLINK("https://ncode.syosetu.com/n7961ej/","異世界帰りの勇者が現代最強！");5166;46165
=HYPERLINK("https://ncode.syosetu.com/n3708fp/","僕は婚約破棄なんてしませんからね");5147;48744
=HYPERLINK("https://ncode.syosetu.com/n6695bq/","異世界転生に感謝を【本編完結】");5143;45778
=HYPERLINK("https://ncode.syosetu.com/n4527bc/","Only Sense Online");5124;46226
=HYPERLINK("https://ncode.syosetu.com/n7657bb/","かわいいコックさん");5103;48589
=HYPERLINK("https://ncode.syosetu.com/n1444fs/","転生領主の優良開拓〜前世の記憶を生かしてホワイトに努めたら、有能な人材が集まりすぎました〜");5065;47048
=HYPERLINK("https://ncode.syosetu.com/n9545er/","善人おっさん、生まれ変わったらＳＳＳランク人生が確定した");5061;46219
=HYPERLINK("https://ncode.syosetu.com/n5677cl/","魔王は世界を征服するようです");5048;48155
=HYPERLINK("https://ncode.syosetu.com/n4449cj/","俺の死亡フラグが留まるところを知らない");5037;47996
=HYPERLINK("https://ncode.syosetu.com/n2662ca/","田中のアトリエ　～年齢イコール彼女いない歴の錬金術師～");5019;47365
=HYPERLINK("https://ncode.syosetu.com/n5214bb/","クロの戦記　異世界転移した僕が最強なのはベッドの上だけのようです");4920;45570
=HYPERLINK("https://ncode.syosetu.com/n2133fo/","影の英雄の日常譚 ～勇者の裏で暗躍していた最強のエージェント、組織が解体されたので、正体隠して人並みの日常を謳歌する～");4875;45859
=HYPERLINK("https://ncode.syosetu.com/n5040ce/","乙女ゲームの破滅フラグしかない悪役令嬢に転生してしまった…");4849;45830
=HYPERLINK("https://ncode.syosetu.com/n9525fd/","反逆のソウルイーター　～弱者は不要といわれて剣聖（父）に追放されました～");4842;46107
=HYPERLINK("https://ncode.syosetu.com/n2163n/","宝くじで40億当たったんだけど異世界に移住する");4838;43845
=HYPERLINK("https://ncode.syosetu.com/n3527ei/","真の仲間じゃないと勇者のパーティーを追い出されたので、辺境でスローライフすることにしました");4829;44013
=HYPERLINK("https://ncode.syosetu.com/n8515dc/","アラフォー賢者の異世界生活日記");4823;43775
=HYPERLINK("https://ncode.syosetu.com/n1443bp/","異世界はスマートフォンとともに。");4795;43714
=HYPERLINK("https://ncode.syosetu.com/n3930eh/","狼は眠らない");4775;46068
=HYPERLINK("https://ncode.syosetu.com/n4908bv/","サモナーさんが行く");4702;42503
=HYPERLINK("https://ncode.syosetu.com/n6530bk/","ライオットグラスパー ～異世界でスキル盗ってます～（旧：異世界で盗賊やってます）");4662;41589
=HYPERLINK("https://ncode.syosetu.com/n4890bm/","勇者様のお師匠様");4644;42135
=HYPERLINK("https://ncode.syosetu.com/n3512ds/","回復術士のやり直し～即死魔法とスキルコピーの超越ヒール～");4636;42609
=HYPERLINK("https://ncode.syosetu.com/n9185fm/","禁断師弟でブレイクスルー～勇者の息子が魔王の弟子で何が悪い～");4632;44752
=HYPERLINK("https://ncode.syosetu.com/n9636x/","薬屋のひとりごと");4605;44042
=HYPERLINK("https://ncode.syosetu.com/n8206dh/","出遅れテイマーのその日ぐらし");4593;43045
=HYPERLINK("https://ncode.syosetu.com/n5011bc/","辺境の老騎士");4589;44491
=HYPERLINK("https://ncode.syosetu.com/n8725k/","ログ・ホライズン");4578;43557
=HYPERLINK("https://ncode.syosetu.com/n6088cy/","ポーション頼みで生き延びます！");4572;42466
=HYPERLINK("https://ncode.syosetu.com/n8213ez/","俺はまだ、本気を出していない");4566;42293
=HYPERLINK("https://ncode.syosetu.com/n6789do/","魔王様、リトライ！");4564;43095
=HYPERLINK("https://ncode.syosetu.com/n7940cn/","没落予定なので、鍛治職人を目指す");4503;40387
=HYPERLINK("https://ncode.syosetu.com/n9505bf/","ワールドオーダー");4501;40905
=HYPERLINK("https://ncode.syosetu.com/n7673ff/","転生した大聖女は、聖女であることをひた隠す");4457;42596
=HYPERLINK("https://ncode.syosetu.com/n2713ev/","外れスキル「影が薄い」を持つギルド職員が、実は伝説の暗殺者");4441;41740
=HYPERLINK("https://ncode.syosetu.com/n1247p/","リアデイルの大地にて");4420;41123
=HYPERLINK("https://ncode.syosetu.com/n5824ct/","神達に拾われた男（改訂版）");4405;40962
=HYPERLINK("https://ncode.syosetu.com/n9511bs/","男なら一国一城の主を目指さなきゃね");4392;39903
=HYPERLINK("https://ncode.syosetu.com/n8031dd/","町をつくる能力！？〜異世界につくろう日本都市〜");4371;40091
=HYPERLINK("https://ncode.syosetu.com/n4764du/","生き残り錬金術師は街で静かに暮らしたい");4356;40745
=HYPERLINK("https://ncode.syosetu.com/n3490ee/","航宙軍士官、冒険者になる");4330;40220
=HYPERLINK("https://ncode.syosetu.com/n9551ee/","おっさん冒険者ケインの善行");4329;39399
=HYPERLINK("https://ncode.syosetu.com/n2872bw/","軍オタが魔法世界に転生したら、現代兵器で軍隊ハーレムを作っちゃいました！？");4290;38135
=HYPERLINK("https://ncode.syosetu.com/n6470bm/","青雲を駆ける");4252;38039
=HYPERLINK("https://ncode.syosetu.com/n5529cy/","老後に備えて異世界で８万枚の金貨を貯めます");4203;39084
=HYPERLINK("https://ncode.syosetu.com/n7942ff/","学園騎士のレベルアップ！　〜　レベル1000超えの転生者、落ちこぼれクラスに入学。そして、");4191;38889
=HYPERLINK("https://ncode.syosetu.com/n2477eq/","漆黒使いの最強勇者　〜仲間全員に裏切られたので最強の魔物と組みます〜");4160;38326
=HYPERLINK("https://ncode.syosetu.com/n1592db/","最強呪族転生～チート魔術師のスローライフ～");4129;38340
=HYPERLINK("https://ncode.syosetu.com/n6811ck/","その無限の先へ");4116;39568
=HYPERLINK("https://ncode.syosetu.com/n5260bk/","星をひとつ貰っちゃったので、なんとかやってみる");4099;37267
=HYPERLINK("https://ncode.syosetu.com/n3125cg/","異世界料理道");4033;38085
=HYPERLINK("https://ncode.syosetu.com/n4237cd/","ワールド・ティーチャー -異世界式教育エージェント-");4025;36860
=HYPERLINK("https://ncode.syosetu.com/n0417fm/","八歳から始まる神々の使徒の転生生活");4022;37227
=HYPERLINK("https://ncode.syosetu.com/n8162cb/","蘇りの魔王");4021;36500
=HYPERLINK("https://ncode.syosetu.com/n6683ej/","無職の英雄　～別にスキルなんか要らなかったんだが～");4019;36567
=HYPERLINK("https://ncode.syosetu.com/n8406bm/","戦国小町苦労譚");4013;38002
=HYPERLINK("https://ncode.syosetu.com/n8273ds/","転生者の私に挑んでくる無謀で有望な少女の話");4001;38432
=HYPERLINK("https://ncode.syosetu.com/n1784ee/","神統記(テオゴニア)");3995;37653
=HYPERLINK("https://ncode.syosetu.com/n9981by/","北の砦にて");3980;38289
=HYPERLINK("https://ncode.syosetu.com/n7521dy/","スライム転生。大賢者が養女エルフに抱きしめられてます");3971;36872
=HYPERLINK("https://ncode.syosetu.com/n6266ci/","骸骨騎士様、只今異世界へお出掛け中");3964;36017
=HYPERLINK("https://ncode.syosetu.com/n5577es/","婚約破棄から始まる悪役令嬢の監獄スローライフ【Web版】");3951;36911
=HYPERLINK("https://ncode.syosetu.com/n2276dz/","異世界でスローライフを（願望）");3939;36278
=HYPERLINK("https://ncode.syosetu.com/n1839bd/","オーバーロード：後編");3931;37315
=HYPERLINK("https://ncode.syosetu.com/n7995ce/","転生王女は今日も旗を叩き折る。");3930;37563
=HYPERLINK("https://ncode.syosetu.com/n7295fl/","転生先で捨てられたので、もふもふ達とお料理します　　　～お飾り王妃はマイペースに最強です～");3903;36467
=HYPERLINK("https://ncode.syosetu.com/n0350em/","異世界転移、地雷付き。");3899;35569
=HYPERLINK("https://ncode.syosetu.com/n0681de/","転生！　竹中半兵衛　マイナー武将に転生した仲間たちと戦国乱世を生き抜く");3877;36590
=HYPERLINK("https://ncode.syosetu.com/n5475dz/","察知されない最強職《ルール・ブレイカー》");3857;35903
=HYPERLINK("https://ncode.syosetu.com/n4006r/","ラピスの心臓");3849;37124
=HYPERLINK("https://ncode.syosetu.com/n4076cm/","マヌケなFPSプレイヤーが異世界へ落ちた場合");3846;34899
=HYPERLINK("https://ncode.syosetu.com/n4097fo/","いつでも自宅に帰れる俺は、異世界で行商人をはじめました　～等価交換スキルで異世界通貨を日本円へ～");3839;35213
=HYPERLINK("https://ncode.syosetu.com/n7787eq/","魔導具師ダリヤはうつむかない");3808;36758
=HYPERLINK("https://ncode.syosetu.com/n7144ds/","俺だけ入れる隠しダンジョン　〜こっそり鍛えて世界最強〜");3807;34101
=HYPERLINK("https://ncode.syosetu.com/n3510fo/","暗殺スキルで異世界最強　～錬金術と暗殺術を極めた俺は、世界を陰から支配する～");3795;35173
=HYPERLINK("https://ncode.syosetu.com/n7500bd/","異世界チート魔術師（マジシャン）");3792;33988
=HYPERLINK("https://ncode.syosetu.com/n5993ba/","フリーライフ　～異世界何でも屋奮闘記～");3791;34619
=HYPERLINK("https://ncode.syosetu.com/n1026ft/","時使い魔術師の転生無双　～魔術学院の劣等生、実は最強の時間系魔術師でした～");3786;36405
=HYPERLINK("https://ncode.syosetu.com/n0641eh/","シャバの「普通」は難しい");3786;36334
=HYPERLINK("https://ncode.syosetu.com/n6169bb/","悪役令嬢後宮物語");3777;35379
=HYPERLINK("https://ncode.syosetu.com/n1094bz/","精霊幻想記（Ｗｅｂ版）");3767;34953
=HYPERLINK("https://ncode.syosetu.com/n0439bf/","最新のゲームは凄すぎだろ");3762;33705
=HYPERLINK("https://ncode.syosetu.com/n2223fo/","Sランク冒険者である俺の娘たちは重度のファザコンでした");3758;35005
=HYPERLINK("https://ncode.syosetu.com/n6221dl/","食い詰め傭兵の幻想奇譚");3747;35096
=HYPERLINK("https://ncode.syosetu.com/n0709cd/","灰色の勇者は人外道を歩み続ける");3721;34267
=HYPERLINK("https://ncode.syosetu.com/n1435ev/","世界の闇と戦う秘密結社が無いから作った（半ギレ）");3713;36020
=HYPERLINK("https://ncode.syosetu.com/n2360eu/","リアリスト魔王による聖域なき異世界改革");3696;33440
=HYPERLINK("https://ncode.syosetu.com/n3250cl/","セブンス");3696;34872
=HYPERLINK("https://ncode.syosetu.com/n1119fh/","村づくりゲームのＮＰＣが生身の人間としか思えない");3694;35125
=HYPERLINK("https://ncode.syosetu.com/n2435cr/","暇人、魔王の姿で異世界へ　～時々チートなぶらり旅～");3693;34167
=HYPERLINK("https://ncode.syosetu.com/n1745ct/","四度目は嫌な死属性魔術師");3675;34941
=HYPERLINK("https://ncode.syosetu.com/n1996ed/","精霊達の楽園と理想の異世界生活");3673;33383
=HYPERLINK("https://ncode.syosetu.com/n1578dx/","魔王学院の不適合者　～史上最強の魔王の始祖、転生して子孫たちの学校へ通う～");3670;34860
=HYPERLINK("https://ncode.syosetu.com/n9264bj/","ドラグーン");3657;33519
=HYPERLINK("https://ncode.syosetu.com/n3448eb/","社畜ダンジョンマスターの食堂経営  〜断じて史上最悪の魔王などでは無い！！〜");3635;33106
=HYPERLINK("https://ncode.syosetu.com/n1383bo/","こちら討伐クエスト斡旋窓口");3633;32075
=HYPERLINK("https://ncode.syosetu.com/n5657el/","転生したら乙女ゲーの世界？いえ、魔術を極めるのに忙しいのでそういうのは結構です。");3608;33075
=HYPERLINK("https://ncode.syosetu.com/n3840bt/","異世界魔法は遅れてる！");3607;32151
=HYPERLINK("https://ncode.syosetu.com/n7612ct/","LV999の村人");3604;32594
=HYPERLINK("https://ncode.syosetu.com/n9734bb/","魔導師は平凡を望む");3589;33411
=HYPERLINK("https://ncode.syosetu.com/n4045ed/","最強職《竜騎士》から初級職《運び屋》になったのに、なぜか勇者達から頼られてます");3588;32947
=HYPERLINK("https://ncode.syosetu.com/n8697cx/","聖者無双　～サラリーマン、異世界で生き残るために歩む道～");3558;31572
=HYPERLINK("https://ncode.syosetu.com/n9773bj/","異世界居酒屋「のぶ」");3516;33092
=HYPERLINK("https://ncode.syosetu.com/n7434ey/","大魔王様の街づくり～魔法と科学と魔物が創る理想の街～");3510;33131
=HYPERLINK("https://ncode.syosetu.com/n4979et/","二度転生した少年はＳランク冒険者として平穏に過ごす　～前世が賢者で英雄だったボクは来世では地味に生きる～");3487;32145
=HYPERLINK("https://ncode.syosetu.com/n5380fm/","転生したら１５歳の王妃でした　〜聖女のチートなんて興味がないし、気ままにおいしいごはんを作ります～");3476;32096
=HYPERLINK("https://ncode.syosetu.com/n9975de/","淡海乃海　水面が揺れる時");3471;33240
=HYPERLINK("https://ncode.syosetu.com/n9985cb/","境界迷宮と異界の魔術師");3458;30920
=HYPERLINK("https://ncode.syosetu.com/n0885dc/","異世界に来たみたいだけど如何すれば良いのだろう");3451;31287
=HYPERLINK("https://ncode.syosetu.com/n0822cl/","異世界支配のスキルテイカー　～　ゼロから始める奴隷ハーレム　～");3443;29902
=HYPERLINK("https://ncode.syosetu.com/n5240bc/","死神を食べた少女");3387;32435
=HYPERLINK("https://ncode.syosetu.com/n9863da/","成長チートでなんでもできるようになったが、無職だけは辞められないようです");3358;30249
=HYPERLINK("https://ncode.syosetu.com/n8581fo/","ブラックな騎士団で奴隷してたらホワイトな冒険者ギルドに引き抜かれてＳランクになってました");3326;30441
=HYPERLINK("https://ncode.syosetu.com/n9271fe/","初級魔法しか使えず、火力が足りないので徹底的に攻撃魔法の回数を増やしてみることにしました");3325;30630
=HYPERLINK("https://ncode.syosetu.com/n9511dh/","狼領主のお嬢様");3306;31686
=HYPERLINK("https://ncode.syosetu.com/n5503fn/","底辺領主の勘違い英雄譚　～平民に優しくしてたら、いつの間にか国と戦争になっていた件～");3303;30544
=HYPERLINK("https://ncode.syosetu.com/n5530cf/","うちの娘の為ならば、俺はもしかしたら魔王も倒せるかもしれない 。");3276;30761
=HYPERLINK("https://ncode.syosetu.com/n1980bm/","破壊の御子");3276;30452
=HYPERLINK("https://ncode.syosetu.com/n7505bx/","ぼくは異世界で付与魔法と召喚魔法を天秤にかける");3265;29688
=HYPERLINK("https://ncode.syosetu.com/n5455cx/","＜Infinite Dendrogram＞-インフィニット・デンドログラム-");3262;31140
=HYPERLINK("https://ncode.syosetu.com/n8541cr/","異世界薬局");3259;30334
=HYPERLINK("https://ncode.syosetu.com/n7835cj/","本好きの下剋上　SS置き場");3252;31776
=HYPERLINK("https://ncode.syosetu.com/n3406ek/","異世界で土地を買って農場を作ろう");3237;29400
=HYPERLINK("https://ncode.syosetu.com/n7352fa/","ゆるふわ農家の文字化けスキル　～異世界でカタログ通販やってます～");3222;28971
=HYPERLINK("https://ncode.syosetu.com/n4260fc/","異世界転生で賢者になって冒険者生活　～【魔法改良】で異世界最強～ ");3220;29213
=HYPERLINK("https://ncode.syosetu.com/n2273dh/","勇者召喚に巻き込まれたけど、異世界は平和でした");3211;30558
=HYPERLINK("https://ncode.syosetu.com/n9838bp/","多神の加護");3203;27988
=HYPERLINK("https://ncode.syosetu.com/n8262bn/","魔法使いの婚約者");3197;30278
=HYPERLINK("https://ncode.syosetu.com/n3394eg/","異世界転移～命が『たった一つ』しかない異世界で、最強の『最弱職：コレクター』が行く神器探しの旅～");3190;28428
=HYPERLINK("https://ncode.syosetu.com/n5705ch/","エルフ転生からのチート建国記");3190;28643
=HYPERLINK("https://ncode.syosetu.com/n4344dy/","世界最強の後衛　～迷宮国の新人探索者～");3159;29010
=HYPERLINK("https://ncode.syosetu.com/n1321ez/","実は俺、最強でした？ ～転生直後はどん底スタート、でも万能魔法で逆転人生を上昇中！～");3154;29005
=HYPERLINK("https://ncode.syosetu.com/n4750dy/","ハンネローレの貴族院五年生");3127;30313
=HYPERLINK("https://ncode.syosetu.com/n8558dd/","お菓子職人の成り上がり～天才パティシエの領地経営～");3121;27814
=HYPERLINK("https://ncode.syosetu.com/n9814bu/","２９歳独身は異世界で自由に生きた…かった。");3105;27628
=HYPERLINK("https://ncode.syosetu.com/n7804bq/","ドリーム・ライフ～夢の異世界生活～");3102;28284
=HYPERLINK("https://ncode.syosetu.com/n7059z/","《Blade　Online》");3098;26652
=HYPERLINK("https://ncode.syosetu.com/n6362fe/","失格から始める成り上がり魔導師道！～呪文開発ときどき戦記～");3095;28928
=HYPERLINK("https://ncode.syosetu.com/n1900er/","コボルト無双 ❦ もふもふ最弱の噛ませ犬が征く！");3092;28095
=HYPERLINK("https://ncode.syosetu.com/n1782t/","Re：Monster――刺殺から始まる怪物転生記――");3088;28889
=HYPERLINK("https://ncode.syosetu.com/n0228eg/","スキル『台所召喚』はすごい！～異世界でごはん作ってポイントためます～");3071;28949
=HYPERLINK("https://ncode.syosetu.com/n0089bk/","異世界迷宮の最深部を目指そう");3066;27956
=HYPERLINK("https://ncode.syosetu.com/n2766dz/","悪役令嬢なのでラスボスを飼ってみました");3065;29465
=HYPERLINK("https://ncode.syosetu.com/n0442em/","冒険者ライセンスを剥奪されたおっさんだけど、愛娘ができたのでのんびり人生を謳歌する");3061;27952
=HYPERLINK("https://ncode.syosetu.com/n3730bn/","まのわ ～魔物倒す・能力奪う・私強くなる～");3056;28334
=HYPERLINK("https://ncode.syosetu.com/n4499cf/","アルバート家の令嬢は没落をご所望です");3055;29142
=HYPERLINK("https://ncode.syosetu.com/n7638eq/","最強のおっさんハンター異世界へ～今度こそゆっくり静かに暮らしたい～");3054;27539
=HYPERLINK("https://ncode.syosetu.com/n5764bn/","先代勇者は隠居したい(仮題)");3052;26608
=HYPERLINK("https://ncode.syosetu.com/n3876bm/","ディンの紋章 ～魔法師レジスの転生譚～");3050;27485
=HYPERLINK("https://ncode.syosetu.com/n3040bl/","タナカの異世界成り上がり");3047;27682
=HYPERLINK("https://ncode.syosetu.com/n4760cl/","堕落の王");3038;28594
=HYPERLINK("https://ncode.syosetu.com/n6517bw/","リビティウム皇国のブタクサ姫");3038;27277
=HYPERLINK("https://ncode.syosetu.com/n9898cc/","音使いは死と踊る");3037;28740
=HYPERLINK("https://ncode.syosetu.com/n8706en/","お人好しが異世界で一旗揚げますん");3036;28378
=HYPERLINK("https://ncode.syosetu.com/n9148t/","風と異邦の精霊術師");3022;27430
=HYPERLINK("https://ncode.syosetu.com/n8433eb/","今度は絶対に邪魔しませんっ！");3006;27794
=HYPERLINK("https://ncode.syosetu.com/n1850ew/","役立たずスキルに人生を注ぎ込み25年、今さら最強の冒険譚");3004;27768
=HYPERLINK("https://ncode.syosetu.com/n4774dz/","転生先が少女漫画の白豚令嬢だった");2999;27797
=HYPERLINK("https://ncode.syosetu.com/n2499j/","竜殺しの過ごす日々");2997;26885
=HYPERLINK("https://ncode.syosetu.com/n5897fs/","不遇職『鍛冶師』だけど最強です　～気づけば何でも作れるようになっていた男ののんびりスローライフ～");2990;27681
=HYPERLINK("https://ncode.syosetu.com/n3716bh/","Hunter and Smith Online");2967;27162
=HYPERLINK("https://ncode.syosetu.com/n8091eb/","悪役令嬢は旦那様を痩せさせたい");2950;28072
=HYPERLINK("https://ncode.syosetu.com/n9835bf/","第三王子エルメル");2939;25950
=HYPERLINK("https://ncode.syosetu.com/n1854cj/","グリモワール×リバース～転生鬼神浪漫譚～");2905;26955
=HYPERLINK("https://ncode.syosetu.com/n1980en/","領民0人スタートの辺境領主様");2902;26596
=HYPERLINK("https://ncode.syosetu.com/n8366dn/","カット＆ペーストでこの世界を生きていく");2883;25096
=HYPERLINK("https://ncode.syosetu.com/n8630br/","ダンジョンを造ろう");2874;25242
=HYPERLINK("https://ncode.syosetu.com/n7983cw/","ドロップ！！　～香りの令嬢物語～");2849;26204
=HYPERLINK("https://ncode.syosetu.com/n3420cm/","傭兵団の料理番");2847;25990
=HYPERLINK("https://ncode.syosetu.com/n6473bp/","勇者イサギの魔王譚");2846;26588
=HYPERLINK("https://ncode.syosetu.com/n1222ci/","黒の召喚士　～戦闘狂の成り上がり～");2837;25817
=HYPERLINK("https://ncode.syosetu.com/n3039bm/","誰かこの状況を説明してください");2824;26145
=HYPERLINK("https://ncode.syosetu.com/n3386db/","無欲の聖女は金にときめく");2819;27188
=HYPERLINK("https://ncode.syosetu.com/n2740ca/","異世界の迷宮都市で治癒魔法使いやってます");2813;25362
=HYPERLINK("https://ncode.syosetu.com/n7756cy/","異世界建国記");2812;24845
=HYPERLINK("https://ncode.syosetu.com/n6990ch/","NO FATIGUE 24時間戦える男の転生譚");2806;24785
=HYPERLINK("https://ncode.syosetu.com/n3059ch/","お前みたいなヒロインがいてたまるか！");2801;26014
=HYPERLINK("https://ncode.syosetu.com/n7891ca/","必勝ダンジョン運営方法　相手に合わせる理由がない");2795;24739
=HYPERLINK("https://ncode.syosetu.com/n3852fh/","二の打ち要らずの神滅聖女　〜五千年後に目覚めた聖女は、最強の続きをすることにした〜");2794;26097
=HYPERLINK("https://ncode.syosetu.com/n8397bi/","異なる世界で生きるために");2787;25509
=HYPERLINK("https://ncode.syosetu.com/n1290ff/","最強陰陽師の異世界転生記　～下僕の妖怪どもに比べてモンスターが弱すぎるんだが～");2777;25299
=HYPERLINK("https://ncode.syosetu.com/n8034ba/","ゴブリンの王国");2770;25748
=HYPERLINK("https://ncode.syosetu.com/n0579dc/","異世界コンサル株式会社（旧題：冒険者パーティーの経営を支援します！！）");2765;25769
=HYPERLINK("https://ncode.syosetu.com/n2851fg/","転生王子は錬金術師となり興国する");2757;25818
=HYPERLINK("https://ncode.syosetu.com/n1832fm/","異世界で 上前はねて 生きていく （詠み人知らず） 〜再生魔法使いのゆるふわ人材派遣生活〜");2753;25962
=HYPERLINK("https://ncode.syosetu.com/n7411fd/","育成スキルはもういらないと勇者パーティを解雇されたので、退職金がわりにもらった【領地】を強くしてみる ");2752;24626
=HYPERLINK("https://ncode.syosetu.com/n8925cq/","チート魔術で運命をねじ伏せる");2749;25348
=HYPERLINK("https://ncode.syosetu.com/n4147dw/","はぐるまどらいぶ。");2748;25974
=HYPERLINK("https://ncode.syosetu.com/n5086ff/","その劣等騎士レベル９９９外伝　～もう一人の最強の物語～");2742;24693
=HYPERLINK("https://ncode.syosetu.com/n3353fc/","【修復】スキルが万能チート化したので、武器屋でも開こうかと思います");2729;24872
=HYPERLINK("https://ncode.syosetu.com/n3254cl/","嫌われ者始めました〜転生リーマンの領地運営物語〜");2716;24367
=HYPERLINK("https://ncode.syosetu.com/n6147be/","異世界は赤い星と共に");2716;24358
=HYPERLINK("https://ncode.syosetu.com/n9814fq/","悪役令嬢の執事様　～俺が育てた彼女はとても可愛い～　（連載版）");2714;26285
=HYPERLINK("https://ncode.syosetu.com/n9077df/","陶都物語～赤き炎の中に～");2711;26204
=HYPERLINK("https://ncode.syosetu.com/n5871dy/","外れスキル【地図化】を手にした俺は、最強パーティーと共にダンジョンに挑む");2691;24793
=HYPERLINK("https://ncode.syosetu.com/n0020by/","針子の乙女");2668;24099
=HYPERLINK("https://ncode.syosetu.com/n8932fq/","貧乏貴族ノードの冒険譚");2660;24864
=HYPERLINK("https://ncode.syosetu.com/n1621fg/","人間不信の冒険者達が世界を救うようです");2658;25001
=HYPERLINK("https://ncode.syosetu.com/n9984fb/","身体は児童、中身はおっさんの成り上がり冒険記");2657;23661
=HYPERLINK("https://ncode.syosetu.com/n1406cr/","駆除人");2653;23996
=HYPERLINK("https://ncode.syosetu.com/n9544br/","週末冒険者");2647;23844
=HYPERLINK("https://ncode.syosetu.com/n7833fb/","追放者食堂へようこそ！　【コミカライズ連載中！】");2644;24542
=HYPERLINK("https://ncode.syosetu.com/n6247dd/","魔王軍最強の魔術師は人間だった");2644;24365
=HYPERLINK("https://ncode.syosetu.com/n0358dh/","痛いのは嫌なので防御力に極振りしたいと思います。");2637;24213
=HYPERLINK("https://ncode.syosetu.com/n2964cz/","くじ引き特賞：無双ハーレム権");2635;23724
=HYPERLINK("https://ncode.syosetu.com/n4218cw/","新しいゲーム始めました。～使命もないのに最強です？～");2635;25283
=HYPERLINK("https://ncode.syosetu.com/n0691cu/","子どもが書いた夏休みの作文が、ファンタジーすぎる件");2634;25005
=HYPERLINK("https://ncode.syosetu.com/n3117cu/","生活魔術師達、ダンジョンに挑む");2628;24429
=HYPERLINK("https://ncode.syosetu.com/n9612l/","義妹が勇者になりました。");2612;23723
=HYPERLINK("https://ncode.syosetu.com/n2468ca/","治癒魔法の間違った使い方～戦場を駆ける回復要員～");2609;24133
=HYPERLINK("https://ncode.syosetu.com/n1930bw/","ゲート・オブ・アミティリシア・オンライン");2603;24019
=HYPERLINK("https://ncode.syosetu.com/n0672fo/","隣の席になった美少女が惚れさせようとからかってくるがいつの間にか返り討ちにしていた");2575;24508
=HYPERLINK("https://ncode.syosetu.com/n4634et/","友人キャラの俺がモテまくるわけないだろ？");2551;24027
=HYPERLINK("https://ncode.syosetu.com/n5361em/","「お前ごときが魔王に勝てると思うな」とガチ勢に勇者パーティを追放されたので、王都で気ままに暮らしたい");2536;23601
=HYPERLINK("https://ncode.syosetu.com/n6484ep/","異世界保育園を開きました～父性スキルで最強ロリ精霊たちはデレデレです～");2534;23202
=HYPERLINK("https://ncode.syosetu.com/n7121fs/","追放されたので洞窟掘りまくってたら、いつのまにか最強賢者になってて、最強国家ができてました");2523;23366
=HYPERLINK("https://ncode.syosetu.com/n7439bk/","リングリング");2518;23557
=HYPERLINK("https://ncode.syosetu.com/n8974er/","窓際の天才軍師　～左遷先で楽しようとしたら救国の英雄に祭り上げられました～");2517;22740
=HYPERLINK("https://ncode.syosetu.com/n9540fo/","転生大聖女、実力を隠して錬金術学科に入学する　～モフモフに愛された令嬢は、モフモフ以外の者にも溺愛される～");2517;23597
=HYPERLINK("https://ncode.syosetu.com/n4402bd/","オーバーロード：前編");2517;23832
=HYPERLINK("https://ncode.syosetu.com/n9040eb/","アビス・コーリング〜元廃課金ゲーマーが最低最悪のソシャゲ異世界に召喚されたら〜");2509;23970
=HYPERLINK("https://ncode.syosetu.com/n7002cp/","銭（インチキ）の力で、戦国の世を駆け抜ける。（本編完結）");2504;23387
=HYPERLINK("https://ncode.syosetu.com/n2662fr/","現代ダンジョンで、生き残るには！？　日本にダンジョンが溢れた結果、最強チートを手に入れたので退職冒険者に！");2496;22895
=HYPERLINK("https://ncode.syosetu.com/n8517en/","Free Life Fantasy Online ～人外姫様、始めました～");2490;23722
=HYPERLINK("https://ncode.syosetu.com/n9798ei/","戦国時代に宇宙要塞でやって来ました。");2489;23093
=HYPERLINK("https://ncode.syosetu.com/n9289fr/","ガリ勉地味萌え令嬢は、俺様王子などお呼びでない");2487;23972
=HYPERLINK("https://ncode.syosetu.com/n2785eh/","世知辛異世界転生記（漫画版タイトル：餓死転生 ～奴隷少年は魔物を喰らって覚醒す！～ ）");2483;23384
=HYPERLINK("https://ncode.syosetu.com/n9543bw/","モンスターのご主人様");2476;22321
=HYPERLINK("https://ncode.syosetu.com/n6963w/","盟約の花嫁");2472;23253
=HYPERLINK("https://ncode.syosetu.com/n0561cm/","加賀100万石に仕える事になった");2463;22428
=HYPERLINK("https://ncode.syosetu.com/n7216dr/","最強の鑑定士って誰のこと？～満腹ごはんで異世界生活～");2449;22660
=HYPERLINK("https://ncode.syosetu.com/n9463br/","僕と彼女と実弾兵器（アンティーク）");2448;23129
=HYPERLINK("https://ncode.syosetu.com/n0651fj/","処刑された賢者はリッチに転生して侵略戦争を始める");2444;22632
=HYPERLINK("https://ncode.syosetu.com/n5279bn/","やる気なし英雄譚");2442;22156
=HYPERLINK("https://ncode.syosetu.com/n1077eb/","小説投稿サイトでランキング一位を取らないと出られない部屋");2441;23411
=HYPERLINK("https://ncode.syosetu.com/n1583dj/","剣士を目指して入学したのに魔法適性9999なんですけど！？");2434;22096
=HYPERLINK("https://ncode.syosetu.com/n7669bt/","異世界出戻り奮闘記");2417;22296
=HYPERLINK("https://ncode.syosetu.com/n0219ey/","ツンデレ悪役令嬢リーゼロッテと実況の遠藤くんと解説の小林さん");2416;22965
=HYPERLINK("https://ncode.syosetu.com/n9359ex/","勇者の剣の〈贋作〉をつかまされた男の話");2415;23370
=HYPERLINK("https://ncode.syosetu.com/n2199ex/","冒険者をクビになったので、錬金術師として出直します！　〜辺境開拓？　よし、俺に任せとけ！");2409;22001
=HYPERLINK("https://ncode.syosetu.com/n7280en/","北海道の現役ハンターが異世界に放り込まれてみた");2402;22393
=HYPERLINK("https://ncode.syosetu.com/n6022cs/","再召喚された勇者は一般人として生きていく？");2393;20452
=HYPERLINK("https://ncode.syosetu.com/n9350eg/","転生貴族は大志をいだく! 「いいご身分だな、俺にくれよ」");2391;22452
=HYPERLINK("https://ncode.syosetu.com/n4686ek/","俺のメガネはたぶん世界征服できると思う。");2387;22190
=HYPERLINK("https://ncode.syosetu.com/n5813fm/","時給１２億円のニート参上！　使っても無くならない財布を拾ったけど、お金の使い方が分かりません");2381;21660
=HYPERLINK("https://ncode.syosetu.com/n6654fn/","二度と家には帰りません！～虐げられていたのに恩返ししろとかムリだから～");2373;21679
=HYPERLINK("https://ncode.syosetu.com/n2747fo/","月50万もらっても生き甲斐のない隣のお姉さんに30万で雇われて「おかえり。今日もがんばったね」って言うお仕事がとても楽しい");2368;22480
=HYPERLINK("https://ncode.syosetu.com/n8920ex/","ティアムーン帝国物語　～断頭台から始まる、姫の転生逆転ストーリー～");2365;22643
=HYPERLINK("https://ncode.syosetu.com/n7583de/","自動販売機に生まれ変わった俺は迷宮を彷徨う");2359;21974
=HYPERLINK("https://ncode.syosetu.com/n0088bq/","Vermillion；朱き強弓のエトランジェ");2355;21713
=HYPERLINK("https://ncode.syosetu.com/n4976ea/","【連載版】高２にタイムリープした俺が、当時好きだった先生に告った結果");2352;22564
=HYPERLINK("https://ncode.syosetu.com/n0813db/","神さまSHOPでチートの香り");2351;21442
=HYPERLINK("https://ncode.syosetu.com/n3806cg/","救国の英雄の救世主");2350;22204
=HYPERLINK("https://ncode.syosetu.com/n0186bu/","魔法書を作る人");2350;20930
=HYPERLINK("https://ncode.syosetu.com/n2211cx/","野生のラスボスが現れた！");2348;21686
=HYPERLINK("https://ncode.syosetu.com/n4176eh/","魔術学院を首席で卒業した俺が冒険者を始めるのはそんなにおかしいだろうか");2345;21141
=HYPERLINK("https://ncode.syosetu.com/n6517fq/","社畜男はB人お姉さんに助けられて――");2343;22354
=HYPERLINK("https://ncode.syosetu.com/n1039br/","ヤンデレ系乙女ゲーの世界に転生してしまったようです");2343;21979
=HYPERLINK("https://ncode.syosetu.com/n3403ep/","あまりにも強すぎた村人　〜俺だけ使える【イベント把握】で大活躍〜");2333;21330
=HYPERLINK("https://ncode.syosetu.com/n0815z/","ヒール最高");2326;19765
=HYPERLINK("https://ncode.syosetu.com/n2494fq/","不死者の弟子～邪神の不興を買って奈落に落とされた俺の英雄譚～");2320;21763
=HYPERLINK("https://ncode.syosetu.com/n8462cr/","俺だけ帰れるクラス転移");2319;20278
=HYPERLINK("https://ncode.syosetu.com/n0447ca/","異世界転移したのでチートを生かして魔法剣士やることにする");2319;20228
=HYPERLINK("https://ncode.syosetu.com/n4138ck/","夜伽の国の月光姫");2311;21672
=HYPERLINK("https://ncode.syosetu.com/n8109cq/","婚約者は、私の妹に恋をする");2306;21570
=HYPERLINK("https://ncode.syosetu.com/n1354ck/","いやだってお菓子あげたらついてくるっていうからさぁ！！");2305;21728
=HYPERLINK("https://ncode.syosetu.com/n3174fc/","新米錬金術師の店舗経営");2292;21241
=HYPERLINK("https://ncode.syosetu.com/n5077bk/","異世界でもふもふなでなでするためにがんばってます。");2277;20713
=HYPERLINK("https://ncode.syosetu.com/n9736dt/","リビルドワールド");2266;22075
=HYPERLINK("https://ncode.syosetu.com/n5567bb/","刹那の風景　第二章");2265;21735
=HYPERLINK("https://ncode.syosetu.com/n7006cm/","復讐を誓った白猫は竜王の膝の上で惰眠をむさぼる");2259;21100
=HYPERLINK("https://ncode.syosetu.com/n2542dr/","エノク第二部隊の遠征ごはん");2253;21363
=HYPERLINK("https://ncode.syosetu.com/n7105co/","大陸英雄戦記");2246;20457
=HYPERLINK("https://ncode.syosetu.com/n2671do/","魔王になったので、ダンジョン造って人外娘とほのぼのする");2239;20975
=HYPERLINK("https://ncode.syosetu.com/n7897dc/","中堅(中年)サラリーマンのまったり異世界産業革命");2236;19999
=HYPERLINK("https://ncode.syosetu.com/n5943db/","異世界人の手引き書");2235;20383
=HYPERLINK("https://ncode.syosetu.com/n4685i/","へんじがない。ただの偽勇者のようだ。");2231;20244
=HYPERLINK("https://ncode.syosetu.com/n7263eb/","変態ＰＳさんのＶＲ冒険譚");2227;20786
=HYPERLINK("https://ncode.syosetu.com/n4811fg/","ヘンダーソン氏の福音を【データマンチが異世界に転生してTRPGをする話】");2226;21335
=HYPERLINK("https://ncode.syosetu.com/n3233bl/","地面を愛した男");2215;19383
=HYPERLINK("https://ncode.syosetu.com/n7769bh/","エステルドバロニア");2214;20262
=HYPERLINK("https://ncode.syosetu.com/n0965dh/","戦乱の帝国と、我が謀略　～史上最強の国が出来るまで～");2209;20401
=HYPERLINK("https://ncode.syosetu.com/n6408bv/","日本国召喚");2207;20205
=HYPERLINK("https://ncode.syosetu.com/n2133ej/","おっさん竜師、第二の人生");2205;19731
=HYPERLINK("https://ncode.syosetu.com/n8388cp/","転生したけど、王子（婚約者）は諦めようと思う");2204;20525
=HYPERLINK("https://ncode.syosetu.com/n7855ck/","北欧貴族と猛禽妻の雪国狩り暮らし");2203;20989
=HYPERLINK("https://ncode.syosetu.com/n2466fq/","元ホームセンター店員の異世界生活　～称号《DIYマスター》《グリーンマスター》《ペットマスター》を駆使して異世界を気儘に生きます～");2202;20687
=HYPERLINK("https://ncode.syosetu.com/n6041ev/","勇者パーティーを追放された錬金術師、SSSランクダンジョンを創造する（書籍版：追放された錬金術師さん、最強のダンジョンを創りませんか？）");2201;19763
=HYPERLINK("https://ncode.syosetu.com/n2027ci/","神殺しの英雄と七つの誓約（旧題：彼は英雄ではないと言い張るようです）");2201;19987
=HYPERLINK("https://ncode.syosetu.com/n9144bk/","そだ☆シス");2197;20122
=HYPERLINK("https://ncode.syosetu.com/n5782dy/","ハズレ判定から始まったチート魔術士生活");2191;19944
=HYPERLINK("https://ncode.syosetu.com/n9846ee/","地味な剣聖はそれでも最強です");2190;20283
=HYPERLINK("https://ncode.syosetu.com/n0737ei/","勇者伝説の裏側で俺は英雄伝説を作ります　〜王道殺しの英雄譚〜");2188;20470
=HYPERLINK("https://ncode.syosetu.com/n1619dr/","クラスが異世界召喚されたなか俺だけ残ったんですが");2181;18885
=HYPERLINK("https://ncode.syosetu.com/n3255fp/","ダンジョン・バスターズ　～中年男ですが庭にダンジョンが出現したので世界を救います～");2179;20446
=HYPERLINK("https://ncode.syosetu.com/n3017bo/","弓と剣");2175;19919
=HYPERLINK("https://ncode.syosetu.com/n4072er/","王女殿下はお怒りのようです＜WEB版＞");2167;19888
=HYPERLINK("https://ncode.syosetu.com/n5422dn/","レイロアの司祭さま～はぐれ司祭のコツコツ冒険譚～");2166;19921
=HYPERLINK("https://ncode.syosetu.com/n3170ed/","願わくばこの手に幸福を");2165;20690
=HYPERLINK("https://ncode.syosetu.com/n5084bv/","銀河連合日本");2163;20533
=HYPERLINK("https://ncode.syosetu.com/n5077bw/","遅咲き冒険者（エクスプローラー）");2158;18908
=HYPERLINK("https://ncode.syosetu.com/n9565h/","幻操士英雄譚");2156;19667
=HYPERLINK("https://ncode.syosetu.com/n5036fc/","転生勇者の気まま旅　～伝説の最強勇者は第二の人生でさらに強くなるようです～");2143;19492
=HYPERLINK("https://ncode.syosetu.com/n9231bp/","異世界混浴物語");2142;19298
=HYPERLINK("https://ncode.syosetu.com/n6627bv/","刹那の風景　第三章");2140;20836
=HYPERLINK("https://ncode.syosetu.com/n9815ck/","火輪を抱いた少女");2137;20715
=HYPERLINK("https://ncode.syosetu.com/n3772bt/","黒姫の魔導書");2135;20271
=HYPERLINK("https://ncode.syosetu.com/n4315fe/","自宅にダンジョンが出来た。（WEB版）");2130;18502
=HYPERLINK("https://ncode.syosetu.com/n8810eu/","勇者パーティーを追放されたビーストテイマー、最強種の猫耳少女と出会う");2127;19274
=HYPERLINK("https://ncode.syosetu.com/n0865em/","異世界転生…されてねぇ！");2126;19401
=HYPERLINK("https://ncode.syosetu.com/n8344u/","勇者互助組合　交流型掲示板");2125;19754
=HYPERLINK("https://ncode.syosetu.com/n0610eg/","魔石グルメ　～魔物の力を食べたオレは最強！～（Web版）");2120;19713
=HYPERLINK("https://ncode.syosetu.com/n5538es/","天空の城を貰ったので異世界で楽しく遊びたい");2117;18746
=HYPERLINK("https://ncode.syosetu.com/n1392cj/","俺の勇者");2112;20321
=HYPERLINK("https://ncode.syosetu.com/n6967o/","刹那の風景　第一章");2105;20008
=HYPERLINK("https://ncode.syosetu.com/n0537cm/","邪神アベレージ");2103;19305
=HYPERLINK("https://ncode.syosetu.com/n9795dx/","最強ギルドマスターの一週間建国記");2099;18651
=HYPERLINK("https://ncode.syosetu.com/n9397bt/","猫と竜");2096;20004
=HYPERLINK("https://ncode.syosetu.com/n8801fh/","私の従僕");2092;19695
=HYPERLINK("https://ncode.syosetu.com/n0624dx/","ワンワン物語　～ 金持ちの犬にしてとは言ったが、フェンリルにしろとは言ってねえ！ ～");2087;19275
=HYPERLINK("https://ncode.syosetu.com/n4044ft/","極めた錬金術に、不可能はない。　～万能スキルで異世界無双～");2081;19297
=HYPERLINK("https://ncode.syosetu.com/n5024ef/","脇役艦長の異世界航海記　～エンヴィランの海賊騎士～");2079;19596
=HYPERLINK("https://ncode.syosetu.com/n2902ey/","『駄犬』と呼ばれパーティも職場も追放されたオッサン、『金狼』となって勇者一族に牙を剥く！");2074;18112
=HYPERLINK("https://ncode.syosetu.com/n2933fj/","英雄王、武を極めるため転生す ～そして、世界最強の見習い騎士♀～");2066;18911
=HYPERLINK("https://ncode.syosetu.com/n9829bi/","神様は異世界にお引越ししました");2065;18838
=HYPERLINK("https://ncode.syosetu.com/n2959bs/","勇者パーティーにかわいい子がいたので、告白してみた。");2052;18143
=HYPERLINK("https://ncode.syosetu.com/n5090bo/","キャラクターメイキングで異世界転生！");2052;17681
=HYPERLINK("https://ncode.syosetu.com/n4365be/","勇者の活躍(?)の裏側で生活してます");2052;18165
=HYPERLINK("https://ncode.syosetu.com/n3269fb/","堕ちた令嬢 〜もう道は踏み外さない〜");2042;18593
=HYPERLINK("https://ncode.syosetu.com/n4966ek/","日本にダンジョンが現われた！");2042;18025
=HYPERLINK("https://ncode.syosetu.com/n9475bv/","転生！異世界より愛をこめて");2041;18754
=HYPERLINK("https://ncode.syosetu.com/n0532dg/","安定志向の山田さんによる異世界転生");2032;18718
=HYPERLINK("https://ncode.syosetu.com/n4933ew/","最強タンクの迷宮攻略");2027;18339
=HYPERLINK("https://ncode.syosetu.com/n4933cs/","チートあるけどまったり暮らしたい");2019;17300
=HYPERLINK("https://ncode.syosetu.com/n3902dc/","ラスボスの向こう側～最強の裏ボス＝邪神に転生したけど、１０００年誰も来ないから学園に通うことにした～");2015;17871
=HYPERLINK("https://ncode.syosetu.com/n2361by/","火刑戦旗を掲げよ！");2011;18682
=HYPERLINK("https://ncode.syosetu.com/n0608dy/","万年Ｄランクの中年冒険者、酔った勢いで伝説の剣を引っこ抜く");2009;18097
=HYPERLINK("https://ncode.syosetu.com/n4173o/","払暁");2009;18900
=HYPERLINK("https://ncode.syosetu.com/n3043bv/","聖樹の国の禁呪使い");2007;18147
=HYPERLINK("https://ncode.syosetu.com/n1169ci/","平凡なる皇帝");2006;18915
=HYPERLINK("https://ncode.syosetu.com/n3677bw/","張り合わずにおとなしく人形を作ることにしました。");2004;17690
=HYPERLINK("https://ncode.syosetu.com/n0968dz/","無双系女騎士、なのでくっころは無い");2002;18957
=HYPERLINK("https://ncode.syosetu.com/n7163g/","ワールド・カスタマイズ・クリエーター：外伝");2001;18547
=HYPERLINK("https://ncode.syosetu.com/n4399ci/","呼び出された殺戮者");1994;18172
=HYPERLINK("https://ncode.syosetu.com/n2724v/","異世界の愚か『もの』　～世界よ変われ～");1993;17608
=HYPERLINK("https://ncode.syosetu.com/n1365en/","おっさんたちの戦いはこれからだ！〜勇者の商人");1990;18322
=HYPERLINK("https://ncode.syosetu.com/n3995u/","New　World ");1988;17447
=HYPERLINK("https://ncode.syosetu.com/n0112fi/","モブ高生の俺でも冒険者になればリア充になれますか？");1987;18993
=HYPERLINK("https://ncode.syosetu.com/n5399el/","素人おっさん、転生サッカーライフを満喫する");1981;17611
=HYPERLINK("https://ncode.syosetu.com/n1537cd/","親戚の小学生の算数の文章題がおかしい");1978;18197
=HYPERLINK("https://ncode.syosetu.com/n1618ck/","打算あり善行冒険者");1978;17816
=HYPERLINK("https://ncode.syosetu.com/n1799br/","迷宮と掲示板");1969;18111
=HYPERLINK("https://ncode.syosetu.com/n8768ek/","俺を蹴っ飛ばして見捨てた幼馴染が勇者と結婚するらしいので、ドラゴンに乗って披露宴に参加してみる");1965;17285
=HYPERLINK("https://ncode.syosetu.com/n9275ei/","召喚された賢者は異世界を往く　～最強なのは不要在庫のアイテムでした～");1964;17754
=HYPERLINK("https://ncode.syosetu.com/n5915da/","俺の家が魔力スポットだった件～住んでいるだけで世界最強～");1962;17523
=HYPERLINK("https://ncode.syosetu.com/n7590cy/","わたしはふたつめの人生をあるく！");1960;18105
=HYPERLINK("https://ncode.syosetu.com/n2379eu/","パーティーから追放されたその治癒師、実は最強につき");1957;16789
=HYPERLINK("https://ncode.syosetu.com/n4014ds/","ＶＲＭＭＯの支援職人　～トッププレイヤーの仕掛人～");1955;17681
=HYPERLINK("https://ncode.syosetu.com/n7298cu/","聖女の回復魔法がどう見ても俺の劣化版な件について。");1954;15955
=HYPERLINK("https://ncode.syosetu.com/n5884z/","魔法使いと風精霊");1952;17911
=HYPERLINK("https://ncode.syosetu.com/n2421eu/","転生幼女はあきらめない");1951;18471
=HYPERLINK("https://ncode.syosetu.com/n4546fc/","異世界の貧乏農家に転生したので、レンガを作って城を建てることにしました");1948;17444
=HYPERLINK("https://ncode.syosetu.com/n1855z/","辺境護民官ハル・アキルシウス");1944;18071
=HYPERLINK("https://ncode.syosetu.com/n5715cp/","そして少女は悪女の体を手に入れる");1943;18032
=HYPERLINK("https://ncode.syosetu.com/n5945w/","テレポーター");1943;17936
=HYPERLINK("https://ncode.syosetu.com/n9966q/","攻撃魔術の使えない魔術師");1943;17381
=HYPERLINK("https://ncode.syosetu.com/n0223eu/","異世界に落とされた…");1941;17395
=HYPERLINK("https://ncode.syosetu.com/n4268cf/","迷宮道先案内人（ダンジョン・シェルパ）");1939;18199
=HYPERLINK("https://ncode.syosetu.com/n8315bq/","ウルフバレル５．５６");1933;17552
=HYPERLINK("https://ncode.syosetu.com/n9110fh/","美味しいダンジョン生活");1923;17156
=HYPERLINK("https://ncode.syosetu.com/n0774fa/","その劣等騎士、レベル９９９（ウェブ版）");1916;17241
=HYPERLINK("https://ncode.syosetu.com/n2477fb/"," １００人の英雄を育てた最強預言者は、冒険者になっても世界中の弟子から慕われてます");1914;17548
=HYPERLINK("https://ncode.syosetu.com/n3297eu/","現代社会で乙女ゲームの悪役令嬢をするのはちょっと大変");1913;18168
=HYPERLINK("https://ncode.syosetu.com/n0334fl/","異世界姉妹と始める領地経営　婚約者が前世の妹で逃げられない");1908;17872
=HYPERLINK("https://ncode.syosetu.com/n4047bx/","窓の記憶～おっさん英雄記");1907;16869
=HYPERLINK("https://ncode.syosetu.com/n8785bm/","魔力の使えない魔術師");1907;16696
=HYPERLINK("https://ncode.syosetu.com/n5103cj/","ドラゴンさんは友達が欲しい");1906;18024
=HYPERLINK("https://ncode.syosetu.com/n9987bi/","やり直してもサッカー小僧");1904;17953
=HYPERLINK("https://ncode.syosetu.com/n1611bg/","チート薬師の異世界旅（旧題:神様？チート異世界転移で薬師旅）");1902;16925
=HYPERLINK("https://ncode.syosetu.com/n2046bc/","腕白関白・改定版");1899;17666
=HYPERLINK("https://ncode.syosetu.com/n7582ch/","転生不幸～異世界孤児は成り上がる～");1892;17715
=HYPERLINK("https://ncode.syosetu.com/n0733cr/","男爵令嬢は、薔薇色の人生を歩みたい");1891;17639
=HYPERLINK("https://ncode.syosetu.com/n6774em/","死んで幽霊になったのだが、俺の奥さんが毎日悲しんでて辛い");1890;17882
=HYPERLINK("https://ncode.syosetu.com/n4957du/","冒険者クビにされたので、嫌がらせで隣にスイーツ店ぶっ建ててみる");1889;16892
=HYPERLINK("https://ncode.syosetu.com/n9110fe/","呪刻印のＳＳＳランク冒険者 ～勇者パーティーを〝壊滅〟させた最強賢者、転生して自由に生きる～");1883;17246
=HYPERLINK("https://ncode.syosetu.com/n5802ft/","とある策士の三國志（仮）～天下人の軍師～");1881;17800
=HYPERLINK("https://ncode.syosetu.com/n7535bf/","蒼黒の竜騎士");1878;17246
=HYPERLINK("https://ncode.syosetu.com/n9310bv/","平和の守護者（書籍版タイトル：創世のエブリオット・シード）");1877;18090
=HYPERLINK("https://ncode.syosetu.com/n5699r/","Bグループの少年");1877;17563
=HYPERLINK("https://ncode.syosetu.com/n1278fi/","ファンタジーキャンパス　学園魔法RPGのエリート系かませ犬に転生したけど、主人公に構わず真面目に過ごしてみる");1875;17040
=HYPERLINK("https://ncode.syosetu.com/n9058fn/","影の宮廷魔術師　～無能だと思われていた男、実は最強の軍師だった～");1872;17326
=HYPERLINK("https://ncode.syosetu.com/n2596ea/","聖女になるので二度目の人生は勝手にさせてもらいます　～王太子は、前世で私を振った恋人でした～");1870;17458
=HYPERLINK("https://ncode.syosetu.com/n7433cu/","普通のおっさんだけど、神さまからもらった能力で異世界を旅してくる。疲れたら転移魔法で自宅に帰る。");1869;16696
=HYPERLINK("https://ncode.syosetu.com/n2822ft/","転生魔導王は、底辺職の黒魔術士が、実は最強職だと知っている");1868;17140
=HYPERLINK("https://ncode.syosetu.com/n0121cu/","エリィ・ゴールデンと悪戯な転換　～ブスでデブでもイケメンエリート～");1868;17431
=HYPERLINK("https://ncode.syosetu.com/n4094di/","妻を殺してもバレない確率");1865;17853
=HYPERLINK("https://ncode.syosetu.com/n5038em/","俺が信じていた仲間は全員、悪徳勇者に送り込まれた刺客だった");1865;17067
=HYPERLINK("https://ncode.syosetu.com/n4483dj/","スライム倒して３００年、知らないうちにレベルＭＡＸになってました");1863;17034
=HYPERLINK("https://ncode.syosetu.com/n9055cl/","悠久の愚者アズリーの、賢者のすゝめ");1857;17329
=HYPERLINK("https://ncode.syosetu.com/n5848bz/","おっさんがびじょ。");1853;17038
=HYPERLINK("https://ncode.syosetu.com/n3244cr/","悪の華道を行きましょう");1851;17307
=HYPERLINK("https://ncode.syosetu.com/n9924bw/","悪の組織の求人広告");1850;17287
=HYPERLINK("https://ncode.syosetu.com/n9512fk/","どうも、好きな人に惚れ薬を依頼された魔女です。");1849;17901
=HYPERLINK("https://ncode.syosetu.com/n3920by/","村人転生～最強のスローライフ");1841;15908
=HYPERLINK("https://ncode.syosetu.com/n3942ew/","転生したら宿屋の息子でした。田舎街でのんびりスローライフをおくろう");1840;16882
=HYPERLINK("https://ncode.syosetu.com/n2600df/","寄生してレベル上げたんだが、育ちすぎたかもしれない");1839;15981
=HYPERLINK("https://ncode.syosetu.com/n3877cq/","カンナのカンナ　異端召喚者はシナリオブレイカー");1839;16977
=HYPERLINK("https://ncode.syosetu.com/n6811eu/","最強剣聖の魔法修行　～レベル99のステータスを保ったままレベル1からやり直す～");1830;16717
=HYPERLINK("https://ncode.syosetu.com/n6887dt/","暴食のベルセルク　～俺だけレベルという概念を突破する～");1828;16567
=HYPERLINK("https://ncode.syosetu.com/n3488cf/","余命六ヶ月延長してもらったから、ここからは私の時間です");1827;17480
=HYPERLINK("https://ncode.syosetu.com/n8093ez/","才能の器　～素敵なスキル横伸ばし生活～");1826;16783
=HYPERLINK("https://ncode.syosetu.com/n0737cf/","教えて！誰にでもわかる異世界生活術");1826;16286
=HYPERLINK("https://ncode.syosetu.com/n7072bd/","メニューをどうぞ【WEB版】");1825;17116
=HYPERLINK("https://ncode.syosetu.com/n2732ev/","追放されたS級鑑定士は最強のギルドを創る");1824;16489
=HYPERLINK("https://ncode.syosetu.com/n4565dq/","俺の現実は恋愛ゲーム？？　～かと思ったら命がけのゲームだった～");1824;17146
=HYPERLINK("https://ncode.syosetu.com/n5207ei/","底辺戦士、チート魔導師に転職する！");1820;15930
=HYPERLINK("https://ncode.syosetu.com/n1338ew/","偽の恋人だったクラスの美少女たちが、本当に俺のことを好きになっていた件");1818;16207
=HYPERLINK("https://ncode.syosetu.com/n3727fq/","社畜騎士がSランク冒険者に拾われてヒモになる話 　～養われながらスローライフ～");1813;16804
=HYPERLINK("https://ncode.syosetu.com/n8891fl/","（短編版）悪役令嬢の執事様　～俺が育てた彼女はとても可愛い～");1812;17124
=HYPERLINK("https://ncode.syosetu.com/n5653eh/","はぐれ精霊医の診察記録　～聖女騎士団と癒やしの神業～");1812;16295
=HYPERLINK("https://ncode.syosetu.com/n4694ep/","三大陸英雄記～現代知識による帝国再建記～");1809;16625
=HYPERLINK("https://ncode.syosetu.com/n0170db/","美少女になったけど、ネトゲ廃人やってます。");1808;16961
=HYPERLINK("https://ncode.syosetu.com/n1963el/","ゲーム実況による攻略と逆襲の異世界神戦記（アウタラグナ）");1805;17238
=HYPERLINK("https://ncode.syosetu.com/n3415bn/","濁った瞳のリリアンヌ");1803;16453
=HYPERLINK("https://ncode.syosetu.com/n0672bh/","三田一族の意地を見よ");1802;16197
=HYPERLINK("https://ncode.syosetu.com/n9038dg/","ジョブレス・オブリージュ");1801;17384
=HYPERLINK("https://ncode.syosetu.com/n7642y/","ユグドラシルの樹の下で");1801;16248
=HYPERLINK("https://ncode.syosetu.com/n1043fe/","異世界で手に入れた生産スキルは最強だったようです。 ～【創造】＆【器用】のダブルチートで無双する～ ");1800;16420
=HYPERLINK("https://ncode.syosetu.com/n3581fh/","目覚めたら最強装備と宇宙船持ちだったので、一戸建て目指して傭兵として自由に生きたい");1793;16733
=HYPERLINK("https://ncode.syosetu.com/n1995bo/","リバース　ワールド　オンライン");1787;16139
=HYPERLINK("https://ncode.syosetu.com/n2785bj/","王宮の至宝と人質な私");1786;16753
=HYPERLINK("https://ncode.syosetu.com/n6833bd/","蝕む黒の霧");1786;15881
=HYPERLINK("https://ncode.syosetu.com/n9097ek/","おっさんと女子高生、異世界を行く　～手にした能力は微妙だったけど、組み合わせたら凄いことになった～");1785;16236
=HYPERLINK("https://ncode.syosetu.com/n0156bp/","勇者の恩返し");1783;15428
=HYPERLINK("https://ncode.syosetu.com/n4638ff/","宮廷魔法師クビになったんで、田舎に帰って魔法科の先生になります");1776;16236
=HYPERLINK("https://ncode.syosetu.com/n4434cx/","魔王の器");1775;16001
=HYPERLINK("https://ncode.syosetu.com/n8514bp/","帰ってきてもファンタジー！？");1773;15972
=HYPERLINK("https://ncode.syosetu.com/n9452cd/","魔王になったら領地が無人島だった");1772;15775
=HYPERLINK("https://ncode.syosetu.com/n4811be/","水の理");1771;15309
=HYPERLINK("https://ncode.syosetu.com/n8961ch/","暗黒騎士物語（なろう版）");1766;16161
=HYPERLINK("https://ncode.syosetu.com/n1230ei/","エリスの聖杯");1765;17215
=HYPERLINK("https://ncode.syosetu.com/n7747ca/","巻き込まれて異世界転移する奴は、大抵チート");1763;15241
=HYPERLINK("https://ncode.syosetu.com/n5705cg/","異世界の沙汰も金次第");1762;15543
=HYPERLINK("https://ncode.syosetu.com/n5834cr/","Frontier World ―召喚士として活動中―");1759;16234
=HYPERLINK("https://ncode.syosetu.com/n7408y/","心の中の“こころ”");1756;16123
=HYPERLINK("https://ncode.syosetu.com/n2133j/","Re：Creator――造物主な俺と勇者な彼女――");1755;16036
=HYPERLINK("https://ncode.syosetu.com/n4027dp/","オットー・フォン・ハイデッカーはゲーム脳。");1754;15625
=HYPERLINK("https://ncode.syosetu.com/n0692es/","悲劇の元凶となる最強外道ラスボス女王は民の為に尽くします。〜ラスボスチートと王女の権威で救える人は救いたい〜");1753;16663
=HYPERLINK("https://ncode.syosetu.com/n0206fc/","あの日地球にダンジョンが出現した～ニート × ファンタジーは最強です～");1752;15772
=HYPERLINK("https://ncode.syosetu.com/n7384dm/","僕の部屋がダンジョンの休憩所になってしまった件");1749;15398
=HYPERLINK("https://ncode.syosetu.com/n8119bq/","スケルトンの奴隷商");1748;15743
=HYPERLINK("https://ncode.syosetu.com/n0407cz/","転生吸血鬼さんはお昼寝がしたい");1747;16063
=HYPERLINK("https://ncode.syosetu.com/n0609f/","異世界の王様");1747;15817
=HYPERLINK("https://ncode.syosetu.com/n5779da/","乙女ゲーム六周目、オートモードが切れました。");1746;15933
=HYPERLINK("https://ncode.syosetu.com/n9629ex/","最弱テイマーはゴミ拾いの旅を始めました。");1742;16055
=HYPERLINK("https://ncode.syosetu.com/n0624dl/","私は戦うダンジョンマスター");1738;16408
=HYPERLINK("https://ncode.syosetu.com/n7780fj/","田舎の雑貨店～姪っ子とのスローライフ～");1737;15399
=HYPERLINK("https://ncode.syosetu.com/n3783bw/","ちょっとした、文化の違い");1736;15354
=HYPERLINK("https://ncode.syosetu.com/n2906bz/","転生王子と黄昏の騎士");1732;16300
=HYPERLINK("https://ncode.syosetu.com/n3472bk/","おんらいん　こみゅにけーしょん");1731;16445
=HYPERLINK("https://ncode.syosetu.com/n8322q/","地味な青年の異世界転生記");1731;15450
=HYPERLINK("https://ncode.syosetu.com/n4158ew/","そこに「ポイント評価」って欄があるじゃろ？  そこをこう……ポチポチッとして欲しいのじゃ");1730;15050
=HYPERLINK("https://ncode.syosetu.com/n4736dz/","よくわからないけれど異世界に転生していたようです");1722;15663
=HYPERLINK("https://ncode.syosetu.com/n2974ef/","宝くじが当たったのでレベル１から聖剣を買ってみる");1719;15427
=HYPERLINK("https://ncode.syosetu.com/n6203cq/","レア・クラスチェンジ！〜魔物使いちゃんとレア従魔の異世界ゆる旅〜");1714;15874
=HYPERLINK("https://ncode.syosetu.com/n5399fe/","不遇職テイマーの成り上がり 〜スキル【吸収】でモンスターの能力を手に入れ、最強になる〜");1713;15398
=HYPERLINK("https://ncode.syosetu.com/n1004ek/","ゼロの大賢者 〜若返った最強賢者は正体を隠して成り上がる〜");1713;15367
=HYPERLINK("https://ncode.syosetu.com/n5614bs/","クール・エール");1712;15404
=HYPERLINK("https://ncode.syosetu.com/n1058dd/","笑顔で魔力チャージ～無限の魔力で異世界再生");1708;15187
=HYPERLINK("https://ncode.syosetu.com/n0884fk/","家が燃えて人生どうでも良くなったから、残ったなけなしの金でダークエルフの奴隷を買った。");1705;15365
=HYPERLINK("https://ncode.syosetu.com/n7146eg/","【連載版】双子の姉が神子として引き取られて、私は捨てられたけど多分私が神子である。");1705;14690
=HYPERLINK("https://ncode.syosetu.com/n7657cq/","転職の神殿を開きました");1704;15521
=HYPERLINK("https://ncode.syosetu.com/n0658du/","織田家の長男に生まれました");1697;15480
=HYPERLINK("https://ncode.syosetu.com/n6841y/","目指す地位は縁の下。");1697;15494
=HYPERLINK("https://ncode.syosetu.com/n5645ci/","自分が異世界に転移するなら");1695;15379
=HYPERLINK("https://ncode.syosetu.com/n0617fd/","解雇された暗黒兵士（３０代）のスローなセカンドライフ");1694;15453
=HYPERLINK("https://ncode.syosetu.com/n7531t/","鍛冶屋とかはじめてみました");1693;14993
=HYPERLINK("https://ncode.syosetu.com/n0046er/","ダンジョンバトルロワイヤル〜魔王になったので世界統一を目指します〜");1692;15697
=HYPERLINK("https://ncode.syosetu.com/n1586by/","転生王子と憂いの大国");1692;15635
=HYPERLINK("https://ncode.syosetu.com/n3260fe/","フシノカミ");1690;15831
=HYPERLINK("https://ncode.syosetu.com/n0239bq/","スイーツ王子の人探し");1685;15813
=HYPERLINK("https://ncode.syosetu.com/n9587ek/","屋根裏部屋の公爵夫人");1682;15693
=HYPERLINK("https://ncode.syosetu.com/n1753cz/","そのガーゴイルは地上でも危険です　～翼を失くした最強ガーゴイルの放浪記～　");1682;15728
=HYPERLINK("https://ncode.syosetu.com/n2362dw/","異世界ギルド飯　～最強メシでまったりスローライフ～");1681;15070
=HYPERLINK("https://ncode.syosetu.com/n0339dn/","大公妃候補だけど、堅実に行こうと思います");1677;15344
=HYPERLINK("https://ncode.syosetu.com/n1365dn/","朝起きたらダンジョンが出現していた日常について……");1675;14385
=HYPERLINK("https://ncode.syosetu.com/n6290cr/","スキルトレーサー");1675;14665
=HYPERLINK("https://ncode.syosetu.com/n9004cy/","なんちゃってシンデレラ【WEB版】");1670;15815
=HYPERLINK("https://ncode.syosetu.com/n0553bs/","VRMMOをカネの力で無双する");1666;15650
=HYPERLINK("https://ncode.syosetu.com/n7296bx/","マイバイブルは『異世界召喚物語』");1658;14816
=HYPERLINK("https://ncode.syosetu.com/n0773ey/","そのエルフさんは世界樹に呪われています。");1652;15661
=HYPERLINK("https://ncode.syosetu.com/n7503bm/","異世界のカード蒐集家");1651;14656
=HYPERLINK("https://ncode.syosetu.com/n8306bv/","墓王！");1646;14580
=HYPERLINK("https://ncode.syosetu.com/n7146em/","ハズレポーションが醤油だったので料理することにしました");1643;14635
=HYPERLINK("https://ncode.syosetu.com/n0578bf/","大神官様は婚活中");1638;15375
=HYPERLINK("https://ncode.syosetu.com/n6752cd/","神様は、少々私に手厳しい！");1635;15657
=HYPERLINK("https://ncode.syosetu.com/n6627en/","剣聖の称号を持つ料理人");1632;14943
=HYPERLINK("https://ncode.syosetu.com/n7551bn/","勇者、或いは化物と呼ばれた少女");1628;15381
=HYPERLINK("https://ncode.syosetu.com/n3258fh/","クラスメイトに殺された時、僕の復讐は大体達成された");1627;14772
=HYPERLINK("https://ncode.syosetu.com/n2945eg/","アラフォー男の異世界通販生活");1627;14737
=HYPERLINK("https://ncode.syosetu.com/n5248s/","異世界行商譚");1626;14761
=HYPERLINK("https://ncode.syosetu.com/n8489dw/","サラリーマン流　高貴な幼女の護りかた");1624;15612
=HYPERLINK("https://ncode.syosetu.com/n4084cc/","箱庭の薬術師");1624;14215
=HYPERLINK("https://ncode.syosetu.com/n7226dp/","【IFルート】10年ごしの引きニートを辞めて外出したら自宅ごと異世界に転移してた【集団トリップ】");1622;15057
=HYPERLINK("https://ncode.syosetu.com/n8061es/","骸骨魔術師のプレイ日記");1621;15153
=HYPERLINK("https://ncode.syosetu.com/n0304fu/","D級冒険者の俺、なぜか勇者パーティーに勧誘されたあげく、王女につきまとわれてる");1620;15000
=HYPERLINK("https://ncode.syosetu.com/n0391dt/","イケメンに転生したけど、チートはできませんでした。");1618;14773
=HYPERLINK("https://ncode.syosetu.com/n0433bl/","魔拳のデイドリーマー");1618;14502
=HYPERLINK("https://ncode.syosetu.com/n6035bh/","迷宮世界グリンドワールド");1618;14691
=HYPERLINK("https://ncode.syosetu.com/n4448dq/","めざせ豪華客船！！");1615;14073
=HYPERLINK("https://ncode.syosetu.com/n3262ez/","魔法学院を退学させられた俺。前世から知識を得て魔法革命を起こす　");1614;14264
=HYPERLINK("https://ncode.syosetu.com/n2674cv/","地龍のダンジョン奮闘記！");1611;14487
=HYPERLINK("https://ncode.syosetu.com/n3298eq/","スキル『市場』で異世界から繋がったのは地球のブラックマーケットでした");1609;14798
=HYPERLINK("https://ncode.syosetu.com/n8136dz/","31番目のお妃様");1609;14988
=HYPERLINK("https://ncode.syosetu.com/n2683et/","ランダムでキャラを作ったんだが詰んだかもしれない");1607;14595
=HYPERLINK("https://ncode.syosetu.com/n4435dj/","もう、いいでしょう。");1604;13979
=HYPERLINK("https://ncode.syosetu.com/n2383bj/","リアローフオンライン");1604;14642
=HYPERLINK("https://ncode.syosetu.com/n7127ex/","外れスキル『予報』が進化して『言ったら実現』になる件☆レンガ・レンガ・レンガ！でスローライフしてます");1601;14372
=HYPERLINK("https://ncode.syosetu.com/n3956eq/","継続は魔力なり《無能魔法が便利魔法に》");1601;13933
=HYPERLINK("https://ncode.syosetu.com/n3862be/","俺たちの魔王はこれからだ。（メイデーア・シリーズ）");1601;15270
=HYPERLINK("https://ncode.syosetu.com/n4824bz/","異世界に転生したんだけど俺、天才って勘違いされてない？   <旧題　　転生したんだけど俺なんか勘違いされてない？>");1601;14373
=HYPERLINK("https://ncode.syosetu.com/n4943bo/","ちぇんぢ！！");1600;14002
=HYPERLINK("https://ncode.syosetu.com/n1797s/","木陰のメリー");1596;14756
=HYPERLINK("https://ncode.syosetu.com/n6451cr/","時空魔法で異世界と地球を行ったり来たり");1595;13943
=HYPERLINK("https://ncode.syosetu.com/n4269cp/","転生少女の履歴書");1591;14450
=HYPERLINK("https://ncode.syosetu.com/n1253cj/","指輪の選んだ婚約者");1590;15041
=HYPERLINK("https://ncode.syosetu.com/n0921ed/","信長の庶子");1589;15199
=HYPERLINK("https://ncode.syosetu.com/n7121ec/","転生して天才子役になってみたけど、もうやめたいです。");1588;15036
=HYPERLINK("https://ncode.syosetu.com/n1714bg/","塔の陰");1588;15040
=HYPERLINK("https://ncode.syosetu.com/n1333cy/","婚約破棄されて目が覚めました");1586;14557
=HYPERLINK("https://ncode.syosetu.com/n8418ff/","オーク英雄物語　～忖度列伝～");1582;15313
=HYPERLINK("https://ncode.syosetu.com/n6475dd/","異世界でスキルを解体したらチートな嫁が増殖しました　　−　概念交差のストラクチャー　−（ＷＥＢ版）");1580;14218
=HYPERLINK("https://ncode.syosetu.com/n0622x/","裏切られた勇者のその後……");1579;13617
=HYPERLINK("https://ncode.syosetu.com/n2877u/","俺の人生ヘルモード");1578;14991
=HYPERLINK("https://ncode.syosetu.com/n7345eq/","クズ異能　〜【温度を変える者】の俺が無双するまで〜　WEB版");1574;14455
=HYPERLINK("https://ncode.syosetu.com/n7944cf/","天才外科医が異世界で闇医者を始めました。");1574;14228
=HYPERLINK("https://ncode.syosetu.com/n6202fp/","凄くモテる後輩が毎日愛を囁いてくるけど、怖いので俺は絶対に絆されない！");1571;15075
=HYPERLINK("https://ncode.syosetu.com/n2437fn/","隣の席の幼馴染 －高2からはじまる青春ラブコメ－");1571;14787
=HYPERLINK("https://ncode.syosetu.com/n0122ci/","メイドは進むよどこまでも！");1570;14787
=HYPERLINK("https://ncode.syosetu.com/n6538fj/","縁の下のチカラモチャー　～僕だけが知っているスキルツリーの先～");1566;14519
=HYPERLINK("https://ncode.syosetu.com/n2159dd/","大賢者の愛弟子　〜防御魔法のススメ〜");1565;14355
=HYPERLINK("https://ncode.syosetu.com/n7796fc/","ジェノサイド・オンライン 〜極悪令嬢のプレイ日記〜");1564;14566
=HYPERLINK("https://ncode.syosetu.com/n6634cu/","異世界で始める人生改革    ～貴族編〜(公爵編→貴族編");1562;13325
=HYPERLINK("https://ncode.syosetu.com/n4791bp/","総理大臣　藤堂　光　（旧題　そんなに日本が嫌いなら、国ごと地球から出て行ってやる！");1562;14139
=HYPERLINK("https://ncode.syosetu.com/n4974dc/","邪神の異世界召喚～鬼畜魔王はダンジョンにて嗤う");1561;14514
=HYPERLINK("https://ncode.syosetu.com/n0912cb/","転生したった　");1559;13699
=HYPERLINK("https://ncode.syosetu.com/n7254ev/","全肯定奴隷少女：１回１０分１０００リン");1558;15036
=HYPERLINK("https://ncode.syosetu.com/n7236dp/","魔法？　そんなことより筋肉だ！");1555;14273
=HYPERLINK("https://ncode.syosetu.com/n1618fc/","目指せ樹高634m！　〜杉に転生した俺は歴史を眺めて育つ〜");1554;14341
=HYPERLINK("https://ncode.syosetu.com/n6916o/","価値を知るもの");1551;13423
=HYPERLINK("https://ncode.syosetu.com/n6923ft/","貧乏令嬢の勘違い聖女伝　～お金のために努力してたら、王族ハーレムが出来ていました！？～");1550;14632
=HYPERLINK("https://ncode.syosetu.com/n4391fg/","異世界帰りのパラディンは、最強の除霊師となる");1547;13867
=HYPERLINK("https://ncode.syosetu.com/n8106fu/","異世界のんびり素材採取生活");1546;14070
=HYPERLINK("https://ncode.syosetu.com/n3687bi/","貴族になったが、未来がヤバかった");1546;14265
=HYPERLINK("https://ncode.syosetu.com/n8660db/","俺、動物や魔物と話せるんです");1545;13930
=HYPERLINK("https://ncode.syosetu.com/n3664fp/","聖女の孫娘　～モフモフ軍団と行く、転生聖女によるビーストテイム＆のんびりＳランク冒険者物語～");1543;14306
=HYPERLINK("https://ncode.syosetu.com/n1388cd/","救わなきゃダメですか？　異世界");1543;13453
=HYPERLINK("https://ncode.syosetu.com/n2656ev/","本能寺から始める信長との天下統一　　　　　　　　                       　《5700万アクセス突破》");1542;13715
=HYPERLINK("https://ncode.syosetu.com/n7261ej/","左手で吸収したものを強化して右手で出す物語");1542;13930
=HYPERLINK("https://ncode.syosetu.com/n8251fq/","悪役令嬢は引き籠りたい～転生したら修羅場が多い～");1538;14532
=HYPERLINK("https://ncode.syosetu.com/n6214du/","Eクラス冒険者は果てなき騎士の夢を見る　「先生、ステータス画面が読めないんだけど」");1537;14119
=HYPERLINK("https://ncode.syosetu.com/n6472dl/","予言の経済学　～巫女姫と転生商人の異世界災害対策～");1536;14599
=HYPERLINK("https://ncode.syosetu.com/n4046bv/","ダンジョンの魔王は最弱っ！？");1535;13933
=HYPERLINK("https://ncode.syosetu.com/n6291ep/","姉上。スカートをまくって股を開いて見せてくれませんか？");1528;14170
=HYPERLINK("https://ncode.syosetu.com/n9107ee/","【ＷＥＢ版】Ｓランクモンスターの《ベヒーモス》だけど、猫と間違われてエルフ娘の騎士（ペット）として暮らしてます");1525;13765
=HYPERLINK("https://ncode.syosetu.com/n9596ce/","竜に生まれ変わっても、ニートはニートを続けるのだ！");1525;13666
=HYPERLINK("https://ncode.syosetu.com/n3995ex/","世界最強の魔王ですが誰も討伐しにきてくれないので、勇者育成機関に潜入することにしました。");1524;14392
=HYPERLINK("https://ncode.syosetu.com/n8216dt/","復讐は天罰を呼び、魔術士はぽやぽやを楽しみたい");1522;13995
=HYPERLINK("https://ncode.syosetu.com/n6993dm/","アラフォー社畜のゴーレムマスター");1521;13657
=HYPERLINK("https://ncode.syosetu.com/n9593dl/","竜操者は静かに暮らしたい");1521;14115
=HYPERLINK("https://ncode.syosetu.com/n0612dm/","最下位職から最強まで成り上がる～地道な努力はチートでした～");1521;13273
=HYPERLINK("https://ncode.syosetu.com/n1075eh/","この世界で9番目ぐらいな俺、異世界人の監視役に駆り出されました");1512;13884
=HYPERLINK("https://ncode.syosetu.com/n4202dv/","おっちゃん冒険者の千夜一夜");1509;13970
=HYPERLINK("https://ncode.syosetu.com/n7169dq/","復讐スキル「死者喰い」と「時間操作」で勇者パーティーを全滅させます");1506;13710
=HYPERLINK("https://ncode.syosetu.com/n4809dw/","いらないスキル買い取ります　【連載版】");1504;14103
=HYPERLINK("https://ncode.syosetu.com/n2626em/","千のスキルを持つ男　異世界で召喚獣はじめました！");1502;13813
=HYPERLINK("https://ncode.syosetu.com/n0693fa/","ダンジョンが出現して世界が変わっても、俺は準備万端で世界を生き抜く");1498;12706
=HYPERLINK("https://ncode.syosetu.com/n1662ds/","悪役令嬢は、庶民に嫁ぎたい！！");1498;14154
=HYPERLINK("https://ncode.syosetu.com/n8858co/","コミュ難の俺が、交渉スキルに全振りして転生した結果");1497;13552
=HYPERLINK("https://ncode.syosetu.com/n5260ec/","ロープレ世界は無理ゲーでした − 領主のドラ息子に転生したら人生詰んでた");1496;13454
=HYPERLINK("https://ncode.syosetu.com/n2033ep/","青春敗者ぼっち野郎、金髪尻軽ギャルのお気に入りになる");1496;14198
=HYPERLINK("https://ncode.syosetu.com/n4807cv/","マリエル・クララックの婚約");1495;14194
=HYPERLINK("https://ncode.syosetu.com/n8304fa/","ミルク多めのブラックコーヒー");1494;13505
=HYPERLINK("https://ncode.syosetu.com/n9171ff/","追っかけていたアイドルがイケメンと歩いている姿を目撃した俺は、バイト代はたいて買ったグッズを全て売り払い、ワキガで悩んでる北欧系超絶美少女ハーフ義妹に手術代としてあげたら、死ぬ程惚れられた。");1493;14237
=HYPERLINK("https://ncode.syosetu.com/n7928dt/","元最強の剣士は、異世界魔法に憧れる");1493;13208
=HYPERLINK("https://ncode.syosetu.com/n2166fe/","夢見る男子は現実主義者");1492;14366
=HYPERLINK("https://ncode.syosetu.com/n7671do/","ひとりぼっちの異世界攻略　～チートスキルは売り切れだった（仮題）～");1491;13222
=HYPERLINK("https://ncode.syosetu.com/n4662ec/","田中タダシ（４１）建国記　『中世ヨーロッパ風なんてキツすぎる！』");1491;13725
=HYPERLINK("https://ncode.syosetu.com/n9565dj/","魔王討伐したあと、目立ちたくないのでギルドマスターになった");1490;13528
=HYPERLINK("https://ncode.syosetu.com/n2976ck/","傍観者の恋");1490;14250
=HYPERLINK("https://ncode.syosetu.com/n5990cm/","異世界転生の冒険者");1488;13098
=HYPERLINK("https://ncode.syosetu.com/n2293em/","ソシャゲダンジョン");1487;14141
=HYPERLINK("https://ncode.syosetu.com/n6309ex/","「攻略本」を駆使する最強の魔法使い　～〈命令させろ〉とは言わせない俺流魔王討伐最善ルート～");1486;13657
=HYPERLINK("https://ncode.syosetu.com/n5023bq/","トカゲといっしょ");1484;12909
=HYPERLINK("https://ncode.syosetu.com/n2422cx/","勇者召喚されたけど自分だけがハズレ勇者で魔法もスキルもないハードモードだった");1483;13504
=HYPERLINK("https://ncode.syosetu.com/n1037cw/","武姫の後宮物語");1483;13974
=HYPERLINK("https://ncode.syosetu.com/n1827cj/","俺のロボ");1482;13863
=HYPERLINK("https://ncode.syosetu.com/n1146do/","捨て子になりましたが、魔法のおかげで大丈夫そうです");1477;13350
=HYPERLINK("https://ncode.syosetu.com/n0611bk/","いつか陛下に愛を");1476;13510
=HYPERLINK("https://ncode.syosetu.com/n8209ft/","私の名はマルカ");1474;13789
=HYPERLINK("https://ncode.syosetu.com/n0488v/","迷宮の王");1473;14065
=HYPERLINK("https://ncode.syosetu.com/n2277fr/","世界で唯一の男魔術師");1469;13548
=HYPERLINK("https://ncode.syosetu.com/n9016cm/","ウロボロス・レコード　～円環のオーブニル～");1467;14079
=HYPERLINK("https://ncode.syosetu.com/n2690m/","三年目のイリス");1466;13330
=HYPERLINK("https://ncode.syosetu.com/n6864bt/","その女、悪女です！　いいえ、それは濡れ衣です。");1463;13332
=HYPERLINK("https://ncode.syosetu.com/n1282eb/","戦え無限術師   〜火花を散らす1ポイントの命達〜");1459;13826
=HYPERLINK("https://ncode.syosetu.com/n2499du/","悪役令嬢は静かに微笑む");1457;13115
=HYPERLINK("https://ncode.syosetu.com/n1252bb/","魔法の国の魔弾");1457;12843
=HYPERLINK("https://ncode.syosetu.com/n4709w/","ゲームの世界で第二の人生！？");1453;12464
=HYPERLINK("https://ncode.syosetu.com/n2809bb/","ギリギリアウトかもしれない異世界");1453;12904
=HYPERLINK("https://ncode.syosetu.com/n0980bs/","アルテナの箱庭が満ちるまで");1449;13048
=HYPERLINK("https://ncode.syosetu.com/n2335de/","槍使いと、黒猫。");1448;13093
=HYPERLINK("https://ncode.syosetu.com/n4069cm/","むいむいたん");1445;13028
=HYPERLINK("https://ncode.syosetu.com/n3469cf/","ドロップ！");1443;13359
=HYPERLINK("https://ncode.syosetu.com/n0173bi/","かわいいコックさん企画部屋");1443;13948
=HYPERLINK("https://ncode.syosetu.com/n6554fr/","その悪役令嬢は攻略本を携えている");1442;13759
=HYPERLINK("https://ncode.syosetu.com/n4944ff/","異世界の戦士として国に招かれたけど、断って兵士から始める事にした");1442;12978
=HYPERLINK("https://ncode.syosetu.com/n3601eb/","転生しまして、現在は侍女でございます。");1442;13396
=HYPERLINK("https://ncode.syosetu.com/n2129ei/","元貴族令嬢で未婚の母ですが、娘たちが可愛すぎて冒険者業も苦になりません");1440;12977
=HYPERLINK("https://ncode.syosetu.com/n1354dw/","元将軍のアンデッドナイト");1440;13241
=HYPERLINK("https://ncode.syosetu.com/n6726be/","攻略なんぞされてたまるか！");1440;13207
=HYPERLINK("https://ncode.syosetu.com/n8991ct/","ちびっこ賢者、Lv.1から異世界でがんばります！【Web版】");1438;12651
=HYPERLINK("https://ncode.syosetu.com/n5391ci/","賢者の剣");1438;12535
=HYPERLINK("https://ncode.syosetu.com/n3676eu/","庶民勇者は廃棄されました");1437;12863
=HYPERLINK("https://ncode.syosetu.com/n9485cg/","ハルジオン～口だけ野郎一代記～");1436;13941
=HYPERLINK("https://ncode.syosetu.com/n9492v/","ドラゴン・ライフ");1435;13225
=HYPERLINK("https://ncode.syosetu.com/n6684bj/","403　シングル・ルーム");1434;13291
=HYPERLINK("https://ncode.syosetu.com/n8585dr/","俺、「城」を育てる　～可愛いあの子は無敵の要塞になりたいようです～");1432;12532
=HYPERLINK("https://ncode.syosetu.com/n7052eu/","異世界で賢者になる");1432;12833
=HYPERLINK("https://ncode.syosetu.com/n0141ec/","最強の黒騎士♂、戦闘メイド♀に転職しました");1428;13435
=HYPERLINK("https://ncode.syosetu.com/n4644dh/","森のほとりでジャムを煮る");1419;13413
=HYPERLINK("https://ncode.syosetu.com/n6849da/","【web版】Ｌｖ２からチートだった元勇者候補のまったり異世界ライフ");1418;12216
=HYPERLINK("https://ncode.syosetu.com/n8443ft/","２位では意味がないと貴族の家から勘当された少年、実は剣技や魔法、すべてにおいてハイレベル。～無自覚に無双しながら、好き勝手に生きたいと思います～");1417;12623
=HYPERLINK("https://ncode.syosetu.com/n2024er/","転生令嬢は冒険者を志す");1416;13222
=HYPERLINK("https://ncode.syosetu.com/n2656dw/","ソフィア、君はなんて愚かなんだ。");1416;13206
=HYPERLINK("https://ncode.syosetu.com/n5011by/","軍師は何でも知っている");1416;12559
=HYPERLINK("https://ncode.syosetu.com/n8711fo/","転生特典【経験値1000倍ボーナス】を得たアラフォー村人、無双するたびにレベルアップ！　ますます無双してしまう");1413;13098
=HYPERLINK("https://ncode.syosetu.com/n3032em/","わたしの幸せな結婚");1412;13158
=HYPERLINK("https://ncode.syosetu.com/n4602es/","空飛ぶクジラの幸せ生活　～神代の無敵艦と融合した俺は、背中に獣人たちの街をつくる～");1411;12628
=HYPERLINK("https://ncode.syosetu.com/n8814db/","婚約破棄に絶対記憶で立ち向かう");1411;12648
=HYPERLINK("https://ncode.syosetu.com/n0266bj/","異世界デビューに失敗しました");1403;12285
=HYPERLINK("https://ncode.syosetu.com/n7005dc/","悪役令嬢の取り巻きやめようと思います");1402;12588
=HYPERLINK("https://ncode.syosetu.com/n1768dx/","信長公弟記～織田さんちの八男です～");1402;12654
=HYPERLINK("https://ncode.syosetu.com/n0661fd/","悪役令嬢になりたくないので、王子様と一緒に完璧令嬢を目指します！");1398;13200
=HYPERLINK("https://ncode.syosetu.com/n9375ea/","齢５０００年の草食ドラゴン、いわれなき邪竜認定～やだこの生贄、人の話を聞いてくれない～");1398;13086
=HYPERLINK("https://ncode.syosetu.com/n7864de/","悪役令嬢は隣国の王太子に溺愛される");1398;12828
=HYPERLINK("https://ncode.syosetu.com/n7329dl/","逆成長チートで世界最強！　～勇者も魔王もただの村人の俺には敵わない～");1398;12512
=HYPERLINK("https://ncode.syosetu.com/n9669er/","落ちぶれ才女の幸福");1396;12712
=HYPERLINK("https://ncode.syosetu.com/n0924cf/","転生してヤンデレ攻略対象キャラと主従関係になった結果");1396;12986
=HYPERLINK("https://ncode.syosetu.com/n8746bp/","刀に生きて、刀に死んで、生まれ変わって刀を求む");1393;12334
=HYPERLINK("https://ncode.syosetu.com/n6017dm/","紅の死神は眠り姫の寝起きに悩まされる");1391;13137
=HYPERLINK("https://ncode.syosetu.com/n7822ez/","私が発火と唱えると、隣の黒子がマッチを擦る");1390;13019
=HYPERLINK("https://ncode.syosetu.com/n9230cy/","私と結婚するつもりで婚約破棄をしたようですが私は貴方と結婚する気はありません");1390;12786
=HYPERLINK("https://ncode.syosetu.com/n1361fm/","殺戮のダンジョンマスター籠城記　～ヒッキー美少女、ダンジョンマスターになってしまったので、引きこもり道を極める～");1388;12752
=HYPERLINK("https://ncode.syosetu.com/n7457fc/","金貨１枚で変わる冒険者生活");1388;12595
=HYPERLINK("https://ncode.syosetu.com/n6340cu/","【書籍化】シナリオ通りに退場したのに、いまさらなんの御用ですか？");1387;11850
=HYPERLINK("https://ncode.syosetu.com/n1803bu/","王子様は来ない");1387;12833
=HYPERLINK("https://ncode.syosetu.com/n4793fk/","最弱素質のダンジョンシーカー　～魔石を回収するだけの簡単なお仕事～");1386;12371
=HYPERLINK("https://ncode.syosetu.com/n5258bx/","蝉だって転生すれば竜になる");1386;13431
=HYPERLINK("https://ncode.syosetu.com/n8376eu/","一般人遠方より帰る。また働かねば！");1385;12754
=HYPERLINK("https://ncode.syosetu.com/n6893en/","小説投稿サイトを利用していたら、クラスの美少女《ヒロイン》が読者だった");1382;12851
=HYPERLINK("https://ncode.syosetu.com/n9975cp/","わたしの気の毒な婚約者");1381;12570
=HYPERLINK("https://ncode.syosetu.com/n3450dm/","ドラゴンは寂しいと死んじゃいます　～レベッカたんのにいたんは人類最強の傭兵～");1378;12734
=HYPERLINK("https://ncode.syosetu.com/n9021cb/","ビルドエラーの盾僧侶　～最強タンクが異世界で回復職についた場合～");1377;12072
=HYPERLINK("https://ncode.syosetu.com/n4205bc/","観賞対象から告白されました。");1377;12547
=HYPERLINK("https://ncode.syosetu.com/n3807ek/","２種類のステータスを持つ世界最強のおっさんが、愛娘と楽しく冒険をするそうです");1375;12677
=HYPERLINK("https://ncode.syosetu.com/n7222ff/","聖女じゃなかったので、王宮でのんびりご飯を作ることにしました");1375;12786
=HYPERLINK("https://ncode.syosetu.com/n9442cw/","その者。のちに・・・");1373;11791
=HYPERLINK("https://ncode.syosetu.com/n9161fa/","暴食妃の剣");1372;12549
=HYPERLINK("https://ncode.syosetu.com/n7632cv/","変わらぬモノ ＜きらめきのゴーレム＞");1368;12746
=HYPERLINK("https://ncode.syosetu.com/n5449fn/","鈍感ぼっちくん　～今日も嫌々学校へ向かう～");1367;12748
=HYPERLINK("https://ncode.syosetu.com/n3252cc/","そして私は○○○○を手に入れた");1367;12670
=HYPERLINK("https://ncode.syosetu.com/n6343ce/","転生王子と白虹の賢者");1366;12925
=HYPERLINK("https://ncode.syosetu.com/n8125cd/","百魔の主");1366;12555
=HYPERLINK("https://ncode.syosetu.com/n7061cc/","乙女ゲーム世界で戦闘職を極めます　－異世界太腕漂流記");1364;12197
=HYPERLINK("https://ncode.syosetu.com/n6902el/","地味で目立たない私は、今日で終わりにします。");1363;12371
=HYPERLINK("https://ncode.syosetu.com/n9183fj/","麗子の風儀～悪役令嬢と呼ばれましたが、ただの貧乏娘です～　（旧題　麗子の夢はいつひらく～悪役令嬢と呼ばれましたが、ただの貧乏娘です～）");1363;12728
=HYPERLINK("https://ncode.syosetu.com/n8287fp/","追放悪役令嬢の旦那様");1362;12635
=HYPERLINK("https://ncode.syosetu.com/n5959cu/","異世界ガーデニング　－アルの造園物語－");1360;12332
=HYPERLINK("https://ncode.syosetu.com/n0915bl/","トリップ・トラック");1359;12116
=HYPERLINK("https://ncode.syosetu.com/n4868bt/","となりの魔王");1359;13136
=HYPERLINK("https://ncode.syosetu.com/n8313dv/","『金の星亭』繁盛記～異世界の宿屋に転生しました～【Web版】");1358;12320
=HYPERLINK("https://ncode.syosetu.com/n0878cb/","捨てられた勇者は魔王となりて死に戻る（旧題：捨てられた勇者の英雄譚）");1353;11731
=HYPERLINK("https://ncode.syosetu.com/n1526fp/","虐げられし令嬢、世界樹の主となり溺愛される");1350;12311
=HYPERLINK("https://ncode.syosetu.com/n7742fl/","婚約破棄された王太子妃候補は第一王子に気に入られたようです。");1350;12433
=HYPERLINK("https://ncode.syosetu.com/n9340du/","無能と呼ばれた俺、４つの力を得る");1349;12160
=HYPERLINK("https://ncode.syosetu.com/n6306et/","ウィル様は今日も魔法で遊んでいます。");1349;12434
=HYPERLINK("https://ncode.syosetu.com/n8622cr/","転生したから新世界を駆け巡ることにした");1348;12602
=HYPERLINK("https://ncode.syosetu.com/n2866cb/","ポーション、わが身を助ける");1347;11617
=HYPERLINK("https://ncode.syosetu.com/n2360fq/","王妃ベルタの肖像");1347;12485
=HYPERLINK("https://ncode.syosetu.com/n1896dc/","ガチャを回して仲間を増やす　最強の美少女軍団を作り上げろ");1346;12296
=HYPERLINK("https://ncode.syosetu.com/n2674fq/","王女様に婚約を破棄されましたが、おかげさまで幸せです。");1344;12584
=HYPERLINK("https://ncode.syosetu.com/n5316w/","魔法使い時々錬金術師のち鍛冶師（仮）");1341;11703
=HYPERLINK("https://ncode.syosetu.com/n5870bn/","フレイム王国興亡記");1340;11867
=HYPERLINK("https://ncode.syosetu.com/n3076fk/","堕ちた大地で冒険者〜チート技術と超速レベルアップによる異星無双〜");1337;12181
=HYPERLINK("https://ncode.syosetu.com/n4450bk/","異世界紳士録");1337;11950
=HYPERLINK("https://ncode.syosetu.com/n3062er/","古竜なら素手で倒せますけど、これって常識じゃないんですか？　（きょとん）");1336;12088
=HYPERLINK("https://ncode.syosetu.com/n7897br/","異世界に行ったらぼっちーと");1336;11441
=HYPERLINK("https://ncode.syosetu.com/n2605br/","無職独身アラフォー女子の異世界奮闘記");1335;11954
=HYPERLINK("https://ncode.syosetu.com/n7608fg/","ミリモス・サーガ――末弟王子の転生戦記");1335;12116
=HYPERLINK("https://ncode.syosetu.com/n3999fs/","学校一の美少女に恋愛相談されたんだが、惚れた相手が僕としか思えない");1334;12593
=HYPERLINK("https://ncode.syosetu.com/n6073cm/","ＧＭが異世界にログインしました。");1334;11616
=HYPERLINK("https://ncode.syosetu.com/n0614fh/","邪神に呼ばれて異世界送り");1331;12277
=HYPERLINK("https://ncode.syosetu.com/n9759dd/","異世界で孤児院を開いたけど、なぜか誰一人巣立とうとしない件");1330;10347
=HYPERLINK("https://ncode.syosetu.com/n5987ca/","俺のペットは聖女さま");1330;11997
=HYPERLINK("https://ncode.syosetu.com/n7246cy/","サラリーマンの不死戯なダンジョン");1329;12691
=HYPERLINK("https://ncode.syosetu.com/n8107ec/","ソロ神官のVRMMO冒険記　～どこから見ても狂戦士です本当にありがとうございました～");1326;11953
=HYPERLINK("https://ncode.syosetu.com/n3821cy/","希望のクライノート　～魔法戦士は異世界限定ガチャを回す～");1326;11781
=HYPERLINK("https://ncode.syosetu.com/n3039ct/","私は言祝の神子らしい　※ただし監禁中");1324;12490
=HYPERLINK("https://ncode.syosetu.com/n5652v/","天啓的異世界転生譚");1323;12297
=HYPERLINK("https://ncode.syosetu.com/n8355fb/","二周目チートの転生魔導士　〜最強が１０００年後に転生したら、人生余裕すぎました〜");1322;11812
=HYPERLINK("https://ncode.syosetu.com/n9651fk/","どうせゲームなのでストレス発散にやりたい放題に遊んでいたら、どうやら本物の英雄になっていたらしい");1322;12284
=HYPERLINK("https://ncode.syosetu.com/n4701bs/","帰ってきた元勇者");1319;11538
=HYPERLINK("https://ncode.syosetu.com/n4613bt/","竜の卵を拾いまして");1319;11923
=HYPERLINK("https://ncode.syosetu.com/n1799dt/","らすぼす魔女は前世の最萌を飼い殺す");1318;12431
=HYPERLINK("https://ncode.syosetu.com/n7141z/","別の世界で生きていく条件");1318;11601
=HYPERLINK("https://ncode.syosetu.com/n2665dw/","勿論、慰謝料請求いたします！");1316;12021
=HYPERLINK("https://ncode.syosetu.com/n0116di/","噛ませ犬な中年冒険者は今日も頑張って生きてます。");1316;12168
=HYPERLINK("https://ncode.syosetu.com/n5442cu/","俺は畑で無双する");1316;12218
=HYPERLINK("https://ncode.syosetu.com/n5988di/","異世界道楽に飽きたら");1314;11903
=HYPERLINK("https://ncode.syosetu.com/n5872cw/","悪の華道を追いましょう");1313;12348
=HYPERLINK("https://ncode.syosetu.com/n5678x/","虹色魔石の生産者");1312;11567
=HYPERLINK("https://ncode.syosetu.com/n7870bh/","　ある日　異世界　");1310;12396
=HYPERLINK("https://ncode.syosetu.com/n9247bh/","根暗な暗黒だけど、好きな子が出来たお(´；ω；｀)");1310;12306
=HYPERLINK("https://ncode.syosetu.com/n5587bs/","異世界ツーリング");1309;12067
=HYPERLINK("https://ncode.syosetu.com/n9595ez/","オネエ軍師　～庶子たちの戦争～");1307;12321
=HYPERLINK("https://ncode.syosetu.com/n3772bs/","ご主人さまとエルフさん");1305;12327
=HYPERLINK("https://ncode.syosetu.com/n1920df/","婚約者が悪役で困ってます");1304;12047
=HYPERLINK("https://ncode.syosetu.com/n8417fk/","捨てられた令嬢は、いつの間にかに拾われる");1302;12154
=HYPERLINK("https://ncode.syosetu.com/n9160bq/","ROBOT HEART 【1】");1301;12575
=HYPERLINK("https://ncode.syosetu.com/n3033ef/","臆病な伯爵令嬢は揉め事を望まない");1300;12093
=HYPERLINK("https://ncode.syosetu.com/n0348bn/","魔剣戦記～異界の軍師乱世を行く～");1299;11507
=HYPERLINK("https://ncode.syosetu.com/n0891fr/","脇役キャラに転生したので知識を活かして暮らしてたら、英雄たちに頼りにされる伝説の錬金術師になってた");1297;11770
=HYPERLINK("https://ncode.syosetu.com/n8581bu/","その拳にご注意を");1297;11415
=HYPERLINK("https://ncode.syosetu.com/n6375bm/","さようなら竜生、こんにちは人生　異伝");1296;11896
=HYPERLINK("https://ncode.syosetu.com/n7084eh/","ファンタジーをほとんど知らない女子高生による異世界転移生活");1295;11656
=HYPERLINK("https://ncode.syosetu.com/n7498dq/","若者の黒魔法離れが深刻ですが、就職してみたら待遇いいし、社長も使い魔もかわいくて最高です！");1295;11939
=HYPERLINK("https://ncode.syosetu.com/n1013do/","あらゆる手段を尽くしてトッププレイヤーになりたい、他人のカネで。そうだ、盗賊しよう。");1295;12326
=HYPERLINK("https://ncode.syosetu.com/n8692bo/","8歳から始める魔法学");1295;10959
=HYPERLINK("https://ncode.syosetu.com/n3771eo/","落ちぶれた引退賢者、娘を殺されかけて最強へ舞い戻る");1294;11647
=HYPERLINK("https://ncode.syosetu.com/n3079o/","猫かぶり姫と天上の音楽");1294;12011
=HYPERLINK("https://ncode.syosetu.com/n0979ew/","項羽と劉邦、あと田中");1290;11832
=HYPERLINK("https://ncode.syosetu.com/n7009fc/","もふもふを知らなかったら人生の半分は無駄にしていた");1289;12125
=HYPERLINK("https://ncode.syosetu.com/n8429dj/","転生担当女神が100人いたのでチートスキル100個貰えた");1287;11400
=HYPERLINK("https://ncode.syosetu.com/n3128fq/","願いを叶えてもらおうと悪魔を召喚したけど、可愛かったので結婚しました　〜チョロイン嫁が怒って僕を追放したパーティを壊滅させてました〜");1286;12058
=HYPERLINK("https://ncode.syosetu.com/n7940fb/","この日、『偽りの勇者』である俺は『真の勇者』である彼をパーティから追放した");1286;11924
=HYPERLINK("https://ncode.syosetu.com/n9782cs/","虚弱高校生が世界最強となるまでの異世界武者修行日誌　");1285;11390
=HYPERLINK("https://ncode.syosetu.com/n4605bu/","ギルドのチートな受付嬢");1284;11302
=HYPERLINK("https://ncode.syosetu.com/n1661ba/","チートだけど宿屋はじめました。");1284;11059
=HYPERLINK("https://ncode.syosetu.com/n0595ch/","戦慄の魔術師と五帝獣");1281;10947
=HYPERLINK("https://ncode.syosetu.com/n1677db/","転生したけどやっぱり底辺ぽいので冒険者をやるしかなかった");1280;11123
=HYPERLINK("https://ncode.syosetu.com/n1132dk/","呪術師は勇者になれない");1276;12117
=HYPERLINK("https://ncode.syosetu.com/n5817fm/","幸せなポーションライフを～何でも出来るポーションで充実した生活を送る～");1275;11304
=HYPERLINK("https://ncode.syosetu.com/n0541en/","妹に婚約者を譲れと言われました");1274;11388
=HYPERLINK("https://ncode.syosetu.com/n5288en/","出来損ないと呼ばれた元英雄は、実家から追放されたので好き勝手に生きることにした");1274;10818
=HYPERLINK("https://ncode.syosetu.com/n9838bo/","幼女と執事が異世界で");1274;11253
=HYPERLINK("https://ncode.syosetu.com/n3324t/","魔法科学");1271;11244
=HYPERLINK("https://ncode.syosetu.com/n4472cw/","公爵令嬢は騎士団長(62)の幼妻");1269;11435
=HYPERLINK("https://ncode.syosetu.com/n9045bm/","ティレアの悩み事～異世界邪神転生綺譚～");1268;11173
=HYPERLINK("https://ncode.syosetu.com/n4001fp/","まだ早い！！");1267;11646
=HYPERLINK("https://ncode.syosetu.com/n1313ff/","乙女ゲーのモブですらないんだが");1266;12055
=HYPERLINK("https://ncode.syosetu.com/n9074ff/","最速無双のＢ級魔法使い 一発撃たれる前に千発撃ち返す！");1265;11506
=HYPERLINK("https://ncode.syosetu.com/n8264dw/","江戸時代の遊郭の楼主に生まれ変わったので遊女の待遇改善に努めつつ吉原遊廓の未来も変えようと思う");1264;11339
=HYPERLINK("https://ncode.syosetu.com/n4271ew/","被追放者たちだけの新興勢力ハンパねぇ～手のひら返しは許さねぇ、ゴメンで済んだら俺たちはいねぇんだよ！～");1264;11557
=HYPERLINK("https://ncode.syosetu.com/n5382v/","『勇者』の反逆");1264;11175
=HYPERLINK("https://ncode.syosetu.com/n5162ex/","装備枠ゼロの最強剣士　でも、呪いの装備（可愛い）なら９９９９個つけ放題");1263;11625
=HYPERLINK("https://ncode.syosetu.com/n6255fh/","悪役令嬢、ブラコンにジョブチェンジします");1262;12132
=HYPERLINK("https://ncode.syosetu.com/n7707dt/","暗殺者である俺のステータスが勇者よりも明らかに強いのだが");1261;10857
=HYPERLINK("https://ncode.syosetu.com/n7652fg/","【7月30日発売！】物理的に最底辺だけど攫われたヒロインを助ける為に、最強になってみた");1261;11899
=HYPERLINK("https://ncode.syosetu.com/n6803co/","クラスまるごと人外転生　―最弱のスケルトンになった俺―");1260;11588
=HYPERLINK("https://ncode.syosetu.com/n5184cm/","冒険者デビューには遅すぎる？");1260;11210
=HYPERLINK("https://ncode.syosetu.com/n8375cw/","悪役令嬢の毒");1260;11795
=HYPERLINK("https://ncode.syosetu.com/n5810by/","神様のおねがい");1259;11291
=HYPERLINK("https://ncode.syosetu.com/n5475bq/","聖女の、その後");1259;11788
=HYPERLINK("https://ncode.syosetu.com/n6133r/","異世界で生活することになりました");1259;10971
=HYPERLINK("https://ncode.syosetu.com/n8102dq/","オール・ユー・ニード・イズ・吉良～死に戻りの赤穂事件～");1256;12098
=HYPERLINK("https://ncode.syosetu.com/n4311ee/","廃ゲーマーな妹と始めるVRMMO生活");1252;11199
=HYPERLINK("https://ncode.syosetu.com/n2515cv/","毛玉転生　～ユニークモンスターには敵ばかり～ Reboot");1251;11382
=HYPERLINK("https://ncode.syosetu.com/n3919eo/","潜在魔力0だと思っていたら、実は10000だったみたいです");1250;11169
=HYPERLINK("https://ncode.syosetu.com/n5948fe/","元英雄は平民として暮らしたい〜勇者パーティを理不尽に追い出された俺。これを機に田舎で暮らし始めたけど、周りが俺をほっといてくれない");1250;11206
=HYPERLINK("https://ncode.syosetu.com/n6529bs/","恋をしたら死ぬとか、つらたんです");1250;11872
=HYPERLINK("https://ncode.syosetu.com/n0936fa/","最低皇子たちによる皇位争『譲』戦　～貧乏くじの皇位なんて誰にでもくれてやる！～");1249;11933
=HYPERLINK("https://ncode.syosetu.com/n3061bv/","剣と魔法の世界なんて、現代技術の敵じゃない！");1249;10712
=HYPERLINK("https://ncode.syosetu.com/n2511cd/","元大学生の僕は魔術師界の鬼才だそうです");1249;10805
=HYPERLINK("https://ncode.syosetu.com/n1651fp/","漆黒のダークヒーロー～ヒーローに憧れた俺が、あれよあれよとラスボスに！？ ～");1248;11820
=HYPERLINK("https://ncode.syosetu.com/n8263ey/","気ままに東京サバイブ。もしも日本が魔物だらけで、レベルアップとハクスラ要素があって、サバイバル生活まで楽しめたら。");1247;11421
=HYPERLINK("https://ncode.syosetu.com/n3895de/","ひな鳥の恋");1245;11742
=HYPERLINK("https://ncode.syosetu.com/n7084fi/","「不屈の冒険魂」 ［ISAO］The indomitable spirit of adventure online");1245;11431
=HYPERLINK("https://ncode.syosetu.com/n1321ed/","ただ幸せな異世界家族生活　～転生して今度こそ幸せに暮らします～");1244;11307
=HYPERLINK("https://ncode.syosetu.com/n8748ff/","限界レベル1からの成り上がり　～廃棄された限界レベル1の俺、スキル【死体吸収】の力で最強になる～");1242;10898
=HYPERLINK("https://ncode.syosetu.com/n7609dc/","ログインボーナスでスキルアップ～寝て起きて成り上がる～");1241;10934
=HYPERLINK("https://ncode.syosetu.com/n0591bq/","クライ・フリーダム");1240;10410
=HYPERLINK("https://ncode.syosetu.com/n4124bs/","シャルパンティエの雑貨屋さん");1239;11394
=HYPERLINK("https://ncode.syosetu.com/n0187bq/","カボチャ頭のランタン");1238;11564
=HYPERLINK("https://ncode.syosetu.com/n9497dd/","セーブ＆ロードのできる宿屋さん　～カンスト転生者が宿屋で新人育成を始めたようです～");1237;11667
=HYPERLINK("https://ncode.syosetu.com/n9764dc/","世界樹の上に村を作ってみませんか");1236;11595
=HYPERLINK("https://ncode.syosetu.com/n4154fl/","魔力チートなロリ魔女になりました～転生特典の【創造魔法】と【不思議な木の実】で異世界生活～");1235;11397
=HYPERLINK("https://ncode.syosetu.com/n1621bq/","WILD FRONTIER ～虹色異世界冒険譚～");1234;11075
=HYPERLINK("https://ncode.syosetu.com/n3742ey/","ご主人様とゆく異世界サバイバル！");1234;11435
=HYPERLINK("https://ncode.syosetu.com/n4038cg/","スタイリッシュざまぁ");1233;11650
=HYPERLINK("https://ncode.syosetu.com/n7466em/","寵妃の連れ子は、自国の第一皇子を振り回す");1231;11817
=HYPERLINK("https://ncode.syosetu.com/n3170dl/","レベルリセッター　～クリスと迷宮の秘密～");1230;11101
=HYPERLINK("https://ncode.syosetu.com/n8608bx/","鈍色のパラディン");1230;11047
=HYPERLINK("https://ncode.syosetu.com/n1912fp/","塩対応の佐藤さん、この前ナンパから助けてからなんか俺にだけメチャクチャ甘くない？");1229;11557
=HYPERLINK("https://ncode.syosetu.com/n9870fc/","劣等職の最強賢者～底辺の【村人】から余裕で世界最強～");1229;11217
=HYPERLINK("https://ncode.syosetu.com/n9931bu/","ちょっとした手違いで");1228;11178
=HYPERLINK("https://ncode.syosetu.com/n9894ei/","最強騎士のほのぼの家族旅行 ～娘といるため婚約拒否し、騎士団も辞めた。俺は自由だ。さあ、一生の思い出を作りに行こう～");1227;10865
=HYPERLINK("https://ncode.syosetu.com/n2056dv/","魔法世界の受付嬢になりたいです");1227;11709
=HYPERLINK("https://ncode.syosetu.com/n3881dn/","どうやら私の身体は完全無敵のようですね");1227;11039
=HYPERLINK("https://ncode.syosetu.com/n4549cn/","転生王子と光の英雄");1226;11751
=HYPERLINK("https://ncode.syosetu.com/n1059ff/","【急募】捨てられてたドラゴン拾った【飼い方】");1225;11111
=HYPERLINK("https://ncode.syosetu.com/n6581dc/","異世界娼館の支配人　～夜噺百花～");1225;11521
=HYPERLINK("https://ncode.syosetu.com/n6912cb/","キミボク ～ 悪役なんてお断り！ ～");1225;11004
=HYPERLINK("https://ncode.syosetu.com/n0675ca/","転生したら孤児になった！魔物に育てられた魔物使い(剣士)");1225;10579
=HYPERLINK("https://ncode.syosetu.com/n0388dp/","俺んちに来た女騎士と田舎暮らしすることになった件");1220;11181
=HYPERLINK("https://ncode.syosetu.com/n7831dt/","生まれ変わったら第二王子とか中途半端だし面倒くさい");1219;10890
=HYPERLINK("https://ncode.syosetu.com/n6995dp/","ゴブリンサバイバー〜転生したけどゴブリンだったからちゃんと生き直して人間になりたい！〜");1219;11057
=HYPERLINK("https://ncode.syosetu.com/n9073ch/","異世界で生きていく方法");1218;10255
=HYPERLINK("https://ncode.syosetu.com/n1990bq/","アルケニー洋裁店（連載版）");1217;11325
=HYPERLINK("https://ncode.syosetu.com/n8818bq/","ダンジョン発掘物語　");1216;10814
=HYPERLINK("https://ncode.syosetu.com/n0859fa/","人類が増えすぎたので減らしてほしいと頼まれました　　【本編完結済】");1214;11453
=HYPERLINK("https://ncode.syosetu.com/n0106db/","生まれ変わったからには、デカイ男になってやる！");1214;10835
=HYPERLINK("https://ncode.syosetu.com/n0621ct/","私はいわゆる悪役らしいが、きちんと罰は受けるので見逃してほしいと思う。");1214;10908
=HYPERLINK("https://ncode.syosetu.com/n9147ej/","のほほん英雄譚");1210;11002
=HYPERLINK("https://ncode.syosetu.com/n5771ei/","野人転生");1209;11103
=HYPERLINK("https://ncode.syosetu.com/n6058bc/","劣化賢者の幻想譚");1209;10878
=HYPERLINK("https://ncode.syosetu.com/n8390n/","ノーライフ・ライフ");1209;10997
=HYPERLINK("https://ncode.syosetu.com/n8955dp/","千剣の魔術師と呼ばれた剣士");1204;10950
=HYPERLINK("https://ncode.syosetu.com/n7425cv/","転生ドラゴンさんは、今日も異世界を元気に過ごしております");1204;11331
=HYPERLINK("https://ncode.syosetu.com/n3074cv/","VRMMOでサモナー始めました");1203;11024
=HYPERLINK("https://ncode.syosetu.com/n7207eq/","化学で捗る魔術開発　～転生しても勇者になるとは限らない～");1201;10956
=HYPERLINK("https://ncode.syosetu.com/n2345bj/","平手久秀の戦国日記");1201;10841
=HYPERLINK("https://ncode.syosetu.com/n9058fo/","転生したようなので婚約破棄物をみんなで常識的に対処してもらおうとした結果～ざまぁなんて知らなかったんです～");1200;10927
=HYPERLINK("https://ncode.syosetu.com/n1980eh/","斎藤義龍に生まれ変わったので、織田信長に国譲りして長生きするのを目指します！");1200;10969
=HYPERLINK("https://ncode.syosetu.com/n8162dc/","借り暮らしのご令嬢");1199;11165
=HYPERLINK("https://ncode.syosetu.com/n1315co/","言えなかった、愛してる");1199;11333
=HYPERLINK("https://ncode.syosetu.com/n3586fd/","108回殺された悪役令嬢。すべてを思い出したので、知識チートでひきこもります。");1197;11212
=HYPERLINK("https://ncode.syosetu.com/n9404bq/","異世界ライフ");1197;10477
=HYPERLINK("https://ncode.syosetu.com/n8769bz/","ああ勇者、君の苦しむ顔が見たいんだ");1194;10443
=HYPERLINK("https://ncode.syosetu.com/n6339do/","おっさんのリメイク冒険日記 ～オートキャンプから始まる異世界満喫ライフ～（旧題　おっさんがオートキャンプしてたら、何故か異世界でキャンプする羽目になった）");1189;10230
=HYPERLINK("https://ncode.syosetu.com/n1136bt/","吸血姫は薔薇色の夢をみる");1188;10667
=HYPERLINK("https://ncode.syosetu.com/n0777dy/","起きたら２０年後なんですけど！　～悪役令嬢のその後のその後～");1187;10535
=HYPERLINK("https://ncode.syosetu.com/n0849ef/","苛められっ子は豹変しました");1186;10483
=HYPERLINK("https://ncode.syosetu.com/n3814y/","理論屋転生記");1185;10520
=HYPERLINK("https://ncode.syosetu.com/n0020co/","かいぜん！　～異世界コンサル奮闘記～");1184;10580
=HYPERLINK("https://ncode.syosetu.com/n9786di/","この手の中を、守りたい");1183;10851
=HYPERLINK("https://ncode.syosetu.com/n1266fj/","犬を拾った。……はずだった");1181;11106
=HYPERLINK("https://ncode.syosetu.com/n6860dt/","異世界でのんびり癒し手はじめます～毒にも薬にもならないから転生したお話");1181;11023
=HYPERLINK("https://ncode.syosetu.com/n6799bt/","探索者");1181;10123
=HYPERLINK("https://ncode.syosetu.com/n1246cp/","異世界は幸せ（テンプレ）に満ち溢れている");1180;10487
=HYPERLINK("https://ncode.syosetu.com/n3262cc/","マタギの孫をなめんなよ！　～魔獣を狩る者たち～");1180;10038
=HYPERLINK("https://ncode.syosetu.com/n8497bj/","ディメンションウェーブ");1180;10671
=HYPERLINK("https://ncode.syosetu.com/n9125fm/","俺のスライムから放たれる攻撃魔法は威力がおかしいらしい　〜え、今倒したの人類滅亡クラスの災厄だったんすか？〜");1178;10819
=HYPERLINK("https://ncode.syosetu.com/n7261dr/","ドラゴンと王子の結婚生活");1176;11024
=HYPERLINK("https://ncode.syosetu.com/n1901bi/","ノームの終わりなき洞穴【Web版】");1176;10782
=HYPERLINK("https://ncode.syosetu.com/n0468er/","地下室ダンジョン～貧乏兄妹は娯楽を求めて最強へ～");1175;10433
=HYPERLINK("https://ncode.syosetu.com/n3432ea/","魔界本紀　下剋上のゴーラン（旧：前略母さん、魔界は今日も世紀末（ヒャッハー）です）");1174;10924
=HYPERLINK("https://ncode.syosetu.com/n7789da/","転生者は魔法学者！？");1174;10530
=HYPERLINK("https://ncode.syosetu.com/n6330et/","祖国に裏切られたので、最強の元軍人は逃げ延びた辺境でスローライフを目指します！");1173;10582
=HYPERLINK("https://ncode.syosetu.com/n3003cw/","悪役令嬢、庶民に堕ちる");1173;10699
=HYPERLINK("https://ncode.syosetu.com/n0383bz/","召喚された勇者は前世のクラスメート！？");1173;9630
=HYPERLINK("https://ncode.syosetu.com/n2837eg/","「「「婚約を破棄させてもらう！」」」");1171;10399
=HYPERLINK("https://ncode.syosetu.com/n2858df/","『男女比 １：３０ 』 世界の黒一点アイドル");1170;11020
=HYPERLINK("https://ncode.syosetu.com/n5402bs/","勘違いなさらないでっ！");1170;10904
=HYPERLINK("https://ncode.syosetu.com/n8479bu/","ギルドのお助けマン？");1169;10429
=HYPERLINK("https://ncode.syosetu.com/n7272u/","撃ち抜いたのは");1169;11153
=HYPERLINK("https://ncode.syosetu.com/n0776dq/","ギスギスオンライン");1167;11320
=HYPERLINK("https://ncode.syosetu.com/n7386ct/","家の納屋にダンジョンがある　―God in the abyss of despair―");1167;11059
=HYPERLINK("https://ncode.syosetu.com/n6458eg/","設定鍵インベントリア：シャンフロの諸々");1166;11398
=HYPERLINK("https://ncode.syosetu.com/n1079fs/","砂漠だらけの世界で、おっさんが電子マネーで無双する");1164;10429
=HYPERLINK("https://ncode.syosetu.com/n6220fj/","神々に育てられしもの、最強となる");1163;10592
=HYPERLINK("https://ncode.syosetu.com/n8756en/","おっさん、勇者と魔王を拾う");1162;10500
=HYPERLINK("https://ncode.syosetu.com/n7294dm/","帰還した勇者の後日譚");1161;10456
=HYPERLINK("https://ncode.syosetu.com/n7973fj/","妹に婚約者を取られたら、獣な王子に気に入られました（※またたびとして）");1160;10584
=HYPERLINK("https://ncode.syosetu.com/n1367eg/","Q.レベル上げ廃人がレベルの概念が存在する世界にレベル上げ特化スキルを引っさげ転生したらどうなりますか？ ");1159;10370
=HYPERLINK("https://ncode.syosetu.com/n5458l/","異世界を渡りし者");1159;9526
=HYPERLINK("https://ncode.syosetu.com/n5785em/","とある勇者パーティーの話");1158;10890
=HYPERLINK("https://ncode.syosetu.com/n5955o/","スピリット・マイグレーション：外伝");1157;10670
=HYPERLINK("https://ncode.syosetu.com/n5733by/","ユニエの森の物語");1157;10900
=HYPERLINK("https://ncode.syosetu.com/n5436ch/","妹ですみません");1156;10799
=HYPERLINK("https://ncode.syosetu.com/n4640cp/","奴隷商人になったよin異世界");1156;10597
=HYPERLINK("https://ncode.syosetu.com/n0447be/","脇役勇者は光り輝く");1156;10051
=HYPERLINK("https://ncode.syosetu.com/n3938bc/","異界へは往復切符で");1155;10909
=HYPERLINK("https://ncode.syosetu.com/n2814bt/","勇者から王妃にクラスチェンジしましたが、なんか思ってたのと違うので魔王に転職しようと思います。");1154;10372
=HYPERLINK("https://ncode.syosetu.com/n8482ba/","Undivided");1154;10579
=HYPERLINK("https://ncode.syosetu.com/n8094fl/","異世界に召喚されなかったから、現実世界にダンジョンを作ってやりたい放題");1152;10296
=HYPERLINK("https://ncode.syosetu.com/n5669bc/","MMORPG？知ってますけどなにか？");1152;10080
=HYPERLINK("https://ncode.syosetu.com/n8400bf/","万魔の主の魔物図鑑");1152;10176
=HYPERLINK("https://ncode.syosetu.com/n6046bg/","男爵令嬢と王子の奮闘記");1151;10359
=HYPERLINK("https://ncode.syosetu.com/n0606x/","ザコ≧勇者 ザコにはザコの闘い方");1150;10070
=HYPERLINK("https://ncode.syosetu.com/n9691z/","ONLINE");1146;10856
=HYPERLINK("https://ncode.syosetu.com/n8295fo/","シンデレラは探さない。");1145;10655
=HYPERLINK("https://ncode.syosetu.com/n3488cs/","元令嬢様の華麗なる戦闘記");1142;9912
=HYPERLINK("https://ncode.syosetu.com/n1454bh/","結構ハードな乙女ゲーの世界");1140;10359
=HYPERLINK("https://ncode.syosetu.com/n9894cy/","魔性の男を目指します");1139;10545
=HYPERLINK("https://ncode.syosetu.com/n2419fp/","異世界創造のすゝめ～スマホアプリで惑星を創造してしまった俺は、創造神となり世界を駆け巡る～");1138;10650
=HYPERLINK("https://ncode.syosetu.com/n4823do/","『田舎のホームセンター男の自由な異世界生活』旧題▼ようこそ幻想世界(アルステイティア)へ〜田舎のホームセンター男は何でも出来て一人前です  ");1138;9685
=HYPERLINK("https://ncode.syosetu.com/n3117u/","マテリアルドライブ");1138;9730
=HYPERLINK("https://ncode.syosetu.com/n5273fo/","コンプ厨、ファンタジー化した現代を行く。");1137;10087
=HYPERLINK("https://ncode.syosetu.com/n0055cl/","竜峰の麓に僕らは住んでいます");1136;10376
=HYPERLINK("https://ncode.syosetu.com/n5606cq/","最強魔法師の隠遁計画");1134;10109
=HYPERLINK("https://ncode.syosetu.com/n1224bk/","番外・漆黒鴉学園");1132;10687
=HYPERLINK("https://ncode.syosetu.com/n0646bm/","光届かぬ迷宮の闇の中へ");1132;9804
=HYPERLINK("https://ncode.syosetu.com/n3584fo/","とある修羅の転生事情～信長公記異聞録～");1131;10403
=HYPERLINK("https://ncode.syosetu.com/n6010cn/","ガルディナ王国興国記");1128;9992
=HYPERLINK("https://ncode.syosetu.com/n1730eu/","12ハロンのチクショー道");1126;10946
=HYPERLINK("https://ncode.syosetu.com/n4150ei/","魔法使いです。勇者のパーティを抜けたいです。【連載版】");1126;10380
=HYPERLINK("https://ncode.syosetu.com/n1192ff/","無駄飯食らい認定されたので愛想をつかし、帝国に移って出世する～王国の偉い人にはそれが分からんのです～");1125;9681
=HYPERLINK("https://ncode.syosetu.com/n0745fc/","転生叔父さまと私の軌道修正ライフ");1124;10457
=HYPERLINK("https://ncode.syosetu.com/n4885p/","雪華の奇跡と永遠の愛");1124;10323
=HYPERLINK("https://ncode.syosetu.com/n5486ce/","異世界ダンジョンでRTA");1123;10043
=HYPERLINK("https://ncode.syosetu.com/n6240cp/","異世界詐欺師のなんちゃって経営術");1123;10757
=HYPERLINK("https://ncode.syosetu.com/n1212ed/","ドラゴンに三度轢かれた俺の転生職人ライフ");1121;10145
=HYPERLINK("https://ncode.syosetu.com/n7389o/","Ｒ．Ｇ．Ｏ！");1120;10582
=HYPERLINK("https://ncode.syosetu.com/n8866bl/","異界のソラ");1118;9872
=HYPERLINK("https://ncode.syosetu.com/n3803ba/","勇者の嫁になりたくて (￣∇￣*)ゞ");1118;10590
=HYPERLINK("https://ncode.syosetu.com/n8876dg/","モブ令嬢は攻略対象の婚約者");1117;9768
=HYPERLINK("https://ncode.syosetu.com/n7930dd/","贅沢三昧したいのです！");1115;10342
=HYPERLINK("https://ncode.syosetu.com/n4948ew/","卑怯者だと勇者パーティを追放されたので働くことを止めました");1114;9856
=HYPERLINK("https://ncode.syosetu.com/n7203bs/","進め！別府造船所(仮)");1114;10115
=HYPERLINK("https://ncode.syosetu.com/n7793dh/","ＧＳＯ グローイング・スキル・オンライン");1113;9809
=HYPERLINK("https://ncode.syosetu.com/n0576cl/","悪役令嬢、時々本気、のち聖女。");1113;10117
=HYPERLINK("https://ncode.syosetu.com/n9170dm/","英雄の中の英雄の物語　〜アレスティア建国記〜");1112;10455
=HYPERLINK("https://ncode.syosetu.com/n6714cq/","隅でいいです。構わないでくださいよ");1111;10624
=HYPERLINK("https://ncode.syosetu.com/n2216bz/","塔の管理をしてみよう");1111;9717
=HYPERLINK("https://ncode.syosetu.com/n3800fm/","魔物の国と裁縫使い～凍える国の裁縫師、伝説の狼に懐かれる。");1110;10397
=HYPERLINK("https://ncode.syosetu.com/n4748ck/","無駄なんかじゃない、異世界召喚");1109;10557
=HYPERLINK("https://ncode.syosetu.com/n4154cc/","俺がユンボで日本を救う？");1109;10227
=HYPERLINK("https://ncode.syosetu.com/n0474q/","獣な彼女");1108;10256
=HYPERLINK("https://ncode.syosetu.com/n4682dg/","ギルドは本日も平和なり");1107;9356
=HYPERLINK("https://ncode.syosetu.com/n4261bw/","独りが好きな回復職");1107;10082
=HYPERLINK("https://ncode.syosetu.com/n1020bm/","異世界で本当にチートなのは知識だった。");1107;9697
=HYPERLINK("https://ncode.syosetu.com/n5771db/","マジックユーザー　TRPGで育てた魔法使いは異世界でも最強だった。");1106;10066
=HYPERLINK("https://ncode.syosetu.com/n1389cg/","ゼノスフィード・オンライン");1105;9877
=HYPERLINK("https://ncode.syosetu.com/n8599u/","Ｌｕｃｋｙ ＆ Ｕｎｌｕｃｋｙ　　～アドベクシュ冒険譚～");1104;10141
=HYPERLINK("https://ncode.syosetu.com/n2354di/","オレの恩返し ～ハイスペック村づくり～");1103;9407
=HYPERLINK("https://ncode.syosetu.com/n8589cg/","テグスの迷宮探訪録");1103;9960
=HYPERLINK("https://ncode.syosetu.com/n7892z/","偽クノイチ異界譚");1103;9872
=HYPERLINK("https://ncode.syosetu.com/n8930fk/","モブから始まる探索英雄譚");1102;9641
=HYPERLINK("https://ncode.syosetu.com/n2123do/","邪神無双　～邪神が黒い笑顔で人助けを始めたようです～");1101;9985
=HYPERLINK("https://ncode.syosetu.com/n8204cp/","死にやすい公爵令嬢と七人の貴公子");1100;10608
=HYPERLINK("https://ncode.syosetu.com/n8242be/","終天の異世界と拳撃の騎士");1100;9955
=HYPERLINK("https://ncode.syosetu.com/n6009x/","と、言うかただの走りたがり");1100;9793
=HYPERLINK("https://ncode.syosetu.com/n8858fh/","勇者に妻を寝取られたドラゴン召喚士〜元最強は復讐を誓う～");1099;9879
=HYPERLINK("https://ncode.syosetu.com/n1166et/","親友モブの俺に主人公の妹が惚れるわけがない");1099;10141
=HYPERLINK("https://ncode.syosetu.com/n0390bu/","拉致から進み始めるその後の異世界物語");1099;9331
=HYPERLINK("https://ncode.syosetu.com/n8832cv/","異世界倉庫の管理人さん");1098;9939
=HYPERLINK("https://ncode.syosetu.com/n8760ei/","異世界黙示録マイノグーラ～破滅の文明で始める世界征服～");1097;10223
=HYPERLINK("https://ncode.syosetu.com/n7107dc/","塔の上の悪役令嬢");1097;10006
=HYPERLINK("https://ncode.syosetu.com/n6247cr/","鑑定能力で調合師になります");1094;9080
=HYPERLINK("https://ncode.syosetu.com/n5081ed/","孤児院テイマー");1092;9596
=HYPERLINK("https://ncode.syosetu.com/n2930fl/","ドリームガーデン");1092;10455
=HYPERLINK("https://ncode.syosetu.com/n1896bs/","俺が魔族軍で出世して、魔王の娘の心を射止める話（の予定）");1092;9585
=HYPERLINK("https://ncode.syosetu.com/n2098fq/","もう十分だ！！");1090;10138
=HYPERLINK("https://ncode.syosetu.com/n9721cz/","せぶんす");1090;10421
=HYPERLINK("https://ncode.syosetu.com/n8293bs/","やすらぎの迷宮");1090;9334
=HYPERLINK("https://ncode.syosetu.com/n8897ff/","ボッチのオタクである俺が、学内屈指の美少女たちに囲まれていつの間にかリア充呼ばわりされていた ");1089;10055
=HYPERLINK("https://ncode.syosetu.com/n6626ev/","Unlimited World　～生産職の戦いは9割が準備です～");1086;9848
=HYPERLINK("https://ncode.syosetu.com/n9243cw/","レディローズは平民になりたい");1086;9383
=HYPERLINK("https://ncode.syosetu.com/n9789bq/","異世界から帰ったら江戸なのである");1086;10338
=HYPERLINK("https://ncode.syosetu.com/n0277bl/","チート？いいえ、努力の結晶と言いたい");1086;9180
=HYPERLINK("https://ncode.syosetu.com/n3127e/","薬の罠に気をつけて");1085;10124
=HYPERLINK("https://ncode.syosetu.com/n1970en/","迷宮クリア後の日本隠居生活");1084;9513
=HYPERLINK("https://ncode.syosetu.com/n7517z/","決戦世界のタリア");1084;10093
=HYPERLINK("https://ncode.syosetu.com/n4975da/","子どもが書いた冬休みの作文が、SFすぎる件");1083;10379
=HYPERLINK("https://ncode.syosetu.com/n7682fe/","骨董魔族の放浪記");1082;10189
=HYPERLINK("https://ncode.syosetu.com/n4204cf/","ヘルシー彼氏ケンジ");1082;10469
=HYPERLINK("https://ncode.syosetu.com/n5371bo/","落ちこぼれから一転して訓練所の教官？");1081;9403
=HYPERLINK("https://ncode.syosetu.com/n2388bg/","勇者より最強な黒騎士");1081;9618
=HYPERLINK("https://ncode.syosetu.com/n3578ep/","寝取られ令嬢の勝ち犬レッスン");1080;9723
=HYPERLINK("https://ncode.syosetu.com/n3817y/","ななしのワーズワード");1080;9977
=HYPERLINK("https://ncode.syosetu.com/n8446et/","閣下が退却を命じぬ限り【本編完結】");1079;10499
=HYPERLINK("https://ncode.syosetu.com/n5552fl/","上級貴族様に虐げられたので、魔王の副官に転生し復讐することにしました");1077;10020
=HYPERLINK("https://ncode.syosetu.com/n8368er/","三軍ピッチャー  リメイク！");1076;10126
=HYPERLINK("https://ncode.syosetu.com/n9996cv/","異世界に転生したので、生き残るために建国することにした！");1076;9316
=HYPERLINK("https://ncode.syosetu.com/n6773db/","助けて！　Goodfull先生！！");1075;9796
=HYPERLINK("https://ncode.syosetu.com/n5887cb/","死が二人を分かつとも");1074;10017
=HYPERLINK("https://ncode.syosetu.com/n4210em/","アラフォー冒険者、伝説となる　～SSランクの娘に強化されたらSSSランクになりました～");1072;9815
=HYPERLINK("https://ncode.syosetu.com/n5079cw/","さよならイエロー");1072;9980
=HYPERLINK("https://ncode.syosetu.com/n0532du/","ツンデルお嬢様（転生）は死にたくない");1072;9874
=HYPERLINK("https://ncode.syosetu.com/n9429bd/","THE FIFTH WORLD -awaking-");1071;10005
=HYPERLINK("https://ncode.syosetu.com/n1118ev/","不遇スキルの支援魔導士　〜パーティーを追放されたけど、直後のスキルアップデートで真の力に目覚めて最強になった〜");1070;9397
=HYPERLINK("https://ncode.syosetu.com/n2991eu/","アラフォーおっさんはスローライフの夢を見るか?");1070;9672
=HYPERLINK("https://ncode.syosetu.com/n5220cw/","竜守りの妻");1068;10077
=HYPERLINK("https://ncode.syosetu.com/n4912bl/","最強の回復魔法を手に入れた");1068;8977
=HYPERLINK("https://ncode.syosetu.com/n0301fk/","異世界で妹天使となにかする。");1067;9981
=HYPERLINK("https://ncode.syosetu.com/n1283fh/","異世界無双の召喚者　～無限に使える召喚術が普通に異世界最強でした～");1066;9594
=HYPERLINK("https://ncode.syosetu.com/n4521fn/","スキル『砦』を使って快適ダンジョンライフ");1065;9337
=HYPERLINK("https://ncode.syosetu.com/n1075co/","私は敵になりません！");1063;9763
=HYPERLINK("https://ncode.syosetu.com/n4469fi/","女皇だった前世を持つ織物工場の女工は、今世では幸せな結婚をしたい！");1062;9987
=HYPERLINK("https://ncode.syosetu.com/n8038cb/","聖女の、妹");1062;10220
=HYPERLINK("https://ncode.syosetu.com/n7255s/","ソリオンのハガネ");1062;9798
=HYPERLINK("https://ncode.syosetu.com/n2650bx/","異世界来ちゃったけど帰り道何処？");1061;9722
=HYPERLINK("https://ncode.syosetu.com/n5779dd/","百均で異世界スローライフ");1058;9239
=HYPERLINK("https://ncode.syosetu.com/n5708cr/","取り憑かれた公爵令嬢");1058;9905
=HYPERLINK("https://ncode.syosetu.com/n7442bf/","獣医さんのお仕事　in異世界");1058;9385
=HYPERLINK("https://ncode.syosetu.com/n5314ds/","鑑定使いの冒険者");1056;8839
=HYPERLINK("https://ncode.syosetu.com/n9477er/","王子殿下の飼い猫はすこぶる毛並みが良いらしい");1055;10033
=HYPERLINK("https://ncode.syosetu.com/n7924bm/","南瓜の魔法使い");1055;9419
=HYPERLINK("https://ncode.syosetu.com/n7977ee/","俺と君達のダンジョン戦争");1054;9959
=HYPERLINK("https://ncode.syosetu.com/n4679do/","自称！平凡魔族の英雄ライフ～B級魔族なのにチートダンジョンを作ってしまった結果～");1053;9521
=HYPERLINK("https://ncode.syosetu.com/n5588fq/","Eランクの俺がSランクたちを助けたら全員から求婚された件");1051;9321
=HYPERLINK("https://ncode.syosetu.com/n2797ez/","逆転スキル【みんな俺より弱くなる】で、勝ち組勇者パーティーを底辺に堕とします");1050;9404
=HYPERLINK("https://ncode.syosetu.com/n1795cg/","案内人は異世界の樹海を彷徨う");1049;9622
=HYPERLINK("https://ncode.syosetu.com/n4553db/","ReBirth　上位世界から下位世界へ　外伝集");1046;8882
=HYPERLINK("https://ncode.syosetu.com/n2372cd/","無属性魔法の救世主(メサイア)");1046;8768
=HYPERLINK("https://ncode.syosetu.com/n5483eq/","大預言者は前世から逃げる ～三周目は公爵令嬢に転生したから、バラ色ライフを送りたい～");1045;9919
=HYPERLINK("https://ncode.syosetu.com/n3963cn/","悪役令嬢の兄に転生したので何とかしてみる");1045;9497
=HYPERLINK("https://ncode.syosetu.com/n4840o/","とりかえっこ漫遊記");1045;9849
=HYPERLINK("https://ncode.syosetu.com/n0230fu/","ホラー女優が天才子役に転生しました　～今度こそハリウッドを目指します！～");1043;10017
=HYPERLINK("https://ncode.syosetu.com/n0170fo/","貴族から庶民 になったので、婚約は解消されました！");1043;9467
=HYPERLINK("https://ncode.syosetu.com/n4559ff/","Magica Technica　～剣鬼羅刹のVRMMO戦刀録～");1042;9597
=HYPERLINK("https://ncode.syosetu.com/n2229bm/","鋼鉄のアイ");1042;9456
=HYPERLINK("https://ncode.syosetu.com/n0390bd/","かわいいコックさん小話部屋");1042;9900
=HYPERLINK("https://ncode.syosetu.com/n0947q/","異世界の生活は原付と共に");1040;9311
=HYPERLINK("https://ncode.syosetu.com/n9494fo/","旦那様はとても一途です。");1039;9452
=HYPERLINK("https://ncode.syosetu.com/n7650er/","才能（ギフト）がなくても冒険者になれますか？～ゼロから始まる『成長』チート～");1039;9125
=HYPERLINK("https://ncode.syosetu.com/n0747bz/","レベル99冒険者による、はじめての領地経営");1039;9206
=HYPERLINK("https://ncode.syosetu.com/n9209cq/","ティタン　アッズワースの戦士隊");1038;10058
=HYPERLINK("https://ncode.syosetu.com/n9433ep/","ダンジョンの管理人はじめました。");1036;9174
=HYPERLINK("https://ncode.syosetu.com/n7069cd/","悪役令嬢は、打倒ヒロインを目指す");1036;9651
=HYPERLINK("https://ncode.syosetu.com/n6613ck/","悪役転生だけどどうしてこうなった。");1036;9445
=HYPERLINK("https://ncode.syosetu.com/n2021ft/","すみません、今さら無理です");1034;9314
=HYPERLINK("https://ncode.syosetu.com/n6682dv/","異世界嫁ごはん　～最強の専業主夫に転職しました～");1034;9295
=HYPERLINK("https://ncode.syosetu.com/n5404ew/","皇女殿下の召喚士　異世界チートアイテムでこの世界を謳歌しよう");1033;9449
=HYPERLINK("https://ncode.syosetu.com/n8514v/","魔獣使い");1033;9401
=HYPERLINK("https://ncode.syosetu.com/n9711bp/","私の幼なじみは、白くて強くて怖い");1032;9663
=HYPERLINK("https://ncode.syosetu.com/n0766i/","軍神の花嫁");1032;9615
=HYPERLINK("https://ncode.syosetu.com/n9530ey/","白豚貴族だったどうしようもない私に前世の記憶が生えた件 (書籍：白豚貴族ですが前世の記憶が生えたのでひよこな弟育てます)");1030;9584
=HYPERLINK("https://ncode.syosetu.com/n1696fn/","転校先で幼馴染に再会したけど、どうやら彼氏がいるらしい");1029;9591
=HYPERLINK("https://ncode.syosetu.com/n1109g/","黒い剣の異世界譚");1028;9451
=HYPERLINK("https://ncode.syosetu.com/n7085cw/","異世界モンスターブリーダー　～　チートはあるけど、のんびり育成しています　～");1027;8854
=HYPERLINK("https://ncode.syosetu.com/n0006cn/","エルフ・インフレーション　～際限なきレベルアップの果てに～");1026;9245
=HYPERLINK("https://ncode.syosetu.com/n5215dk/","現実でレベル上げてどうすんだ");1025;9405
=HYPERLINK("https://ncode.syosetu.com/n0159ck/","領主を継いだので好き勝手やってみた");1025;8855
=HYPERLINK("https://ncode.syosetu.com/n9668fp/","「自由を奪った状態で倒すなんて、この卑怯者！」と追放された最強の暗殺者、人里離れた森で魔物狩りしてたら、なぜか村人たちの守り神になってた");1024;9243
=HYPERLINK("https://ncode.syosetu.com/n4400et/","俺、この人生が終わったら、異世界行ってＳＳＲ嫁と冒険するんだ");1024;9229
=HYPERLINK("https://ncode.syosetu.com/n1438cs/","その最強、神の依頼で異世界へ");1024;9031
=HYPERLINK("https://ncode.syosetu.com/n9343bx/","スキルアブソープション");1024;8568
=HYPERLINK("https://ncode.syosetu.com/n0397bc/","第八公女奮闘記");1024;9117
=HYPERLINK("https://ncode.syosetu.com/n4701bu/","捨てられ勇者は帰宅中～隠しスキルで異世界を駆け抜ける～(旧題「勇者だが、勇者なんだが、勇者なんだけど…！」)");1023;8606
=HYPERLINK("https://ncode.syosetu.com/n5444ff/","攻略対象たちに気に入られるとかどうでもいいです。私は私らしく、自由にさせていただきます！");1022;9478
=HYPERLINK("https://ncode.syosetu.com/n2450cu/","悪役は恋しちゃダメですか？（連載版）");1022;9511
=HYPERLINK("https://ncode.syosetu.com/n1309m/","杜人記－ゆるゆる土着神－");1022;9634
=HYPERLINK("https://ncode.syosetu.com/n2941fe/","【Web版】怨獄の薔薇姫　政治の都合で殺されましたが最強のアンデッドとして蘇りました");1021;9558
=HYPERLINK("https://ncode.syosetu.com/n1003ez/","Ash Crown　‐アッシュ・クラウン‐");1021;9610
=HYPERLINK("https://ncode.syosetu.com/n7805fd/","捨てられた転生賢者　～魔物の森に捨てられた大賢者は、大魔帝国を作り上げる～");1020;9091
=HYPERLINK("https://ncode.syosetu.com/n9395u/","阿地都（アジト）");1019;8853
=HYPERLINK("https://ncode.syosetu.com/n0922dp/","悪役令嬢になんかなりません。私は『普通』の公爵令嬢です！");1018;9353
=HYPERLINK("https://ncode.syosetu.com/n3262em/","新米オッサン冒険者、最強パーティに死ぬほど鍛えられて無敵になる。");1018;9221
=HYPERLINK("https://ncode.syosetu.com/n5128by/","休暇だと思って楽しみます。(書籍版「穏やか貴族の休暇のすすめ。」)");1018;9873
=HYPERLINK("https://ncode.syosetu.com/n4297fr/","呪いの魔剣で高負荷トレーニング！？ 知られちゃいけない仮面の冒険者");1017;9251
=HYPERLINK("https://ncode.syosetu.com/n2560cc/","魔王を倒さない事を条件に異世界へと送り出された");1017;8764
=HYPERLINK("https://ncode.syosetu.com/n9597t/","暗黒大陸-成り上がり系VRMMOトリップ物");1017;9264
=HYPERLINK("https://ncode.syosetu.com/n6860cl/","不死王の嘆き　～死神から呪福を貰い転生しました～");1016;8937
=HYPERLINK("https://ncode.syosetu.com/n0325fo/","パソコン持ち転生令嬢ですが、推しキャラと永遠の独房生活を満喫中です。");1015;9405
=HYPERLINK("https://ncode.syosetu.com/n7682et/","攻撃力極振りの最強魔術師～筋力値9999の大剣士、転生して二度目の人生を歩む～");1015;9070
=HYPERLINK("https://ncode.syosetu.com/n9488db/","マンガを読めるおれが世界最強～嫁達と過ごす気ままな生活");1015;8943
=HYPERLINK("https://ncode.syosetu.com/n5683dj/","彼を陥落させるゲーム");1013;9808
=HYPERLINK("https://ncode.syosetu.com/n2321dc/","私はおとなしく消え去ることにします");1012;8884
=HYPERLINK("https://ncode.syosetu.com/n9899dg/","使徒戦記");1012;9424
=HYPERLINK("https://ncode.syosetu.com/n2993cf/","嫌われ剣士の異世界転生記");1012;9164
=HYPERLINK("https://ncode.syosetu.com/n0928bb/","異世界に出戻りしました？");1012;8887
=HYPERLINK("https://ncode.syosetu.com/n5364ff/","庶民の血を引く、元皇女の独り言");1011;9477
=HYPERLINK("https://ncode.syosetu.com/n3765dp/","古龍の昔話");1011;9732
=HYPERLINK("https://ncode.syosetu.com/n7405cz/","婚約破棄の次は偽装婚約。さて、その次は……。");1011;9379
=HYPERLINK("https://ncode.syosetu.com/n0541o/","So what?");1011;9227
=HYPERLINK("https://ncode.syosetu.com/n3415dd/","幼馴染");1010;9095
=HYPERLINK("https://ncode.syosetu.com/n2266cx/","山賊よ、大志を抱け。王国再興を成し遂げるために！");1010;8981
=HYPERLINK("https://ncode.syosetu.com/n1444ej/","辺境魔法学校");1009;9381
=HYPERLINK("https://ncode.syosetu.com/n2509cr/","修羅の国九州のブラック戦国大名一門にチート転生したけど、周りが詰み過ぎてて史実どおりに討ち死にすらできないかもしれない");1008;9362
=HYPERLINK("https://ncode.syosetu.com/n2101dp/","腐男子先生！！！！！");1007;9839
=HYPERLINK("https://ncode.syosetu.com/n9128el/","つい、好奇心に負けてしまって悪役令嬢を目指すことにしたものの");1006;9511
=HYPERLINK("https://ncode.syosetu.com/n9376bl/","トリニータス・ムンドゥス～聖騎士レイの物語～");1006;9026
=HYPERLINK("https://ncode.syosetu.com/n4734fn/","転生したら兵士だった？！〜赤い死神と呼ばれた男〜");1005;9210
=HYPERLINK("https://ncode.syosetu.com/n5335bc/","踏破せよ、世界を");1004;9002
=HYPERLINK("https://ncode.syosetu.com/n3236be/","ダンジョン作成記");1003;8582
=HYPERLINK("https://ncode.syosetu.com/n3383cd/","神話伝説の英雄の異世界譚");1002;8878
=HYPERLINK("https://ncode.syosetu.com/n9908de/","引きこもりだった男の異世界アサシン生活");1001;8576
=HYPERLINK("https://ncode.syosetu.com/n7268eg/","戦姫アリシア物語");1000;9285
=HYPERLINK("https://ncode.syosetu.com/n9762ev/","皇帝陛下にいらん子扱いされた将軍は、これはまいったと天下を取ることにした");1000;8838
=HYPERLINK("https://ncode.syosetu.com/n1007cc/","没落令嬢の異国結婚録");1000;9522
=HYPERLINK("https://ncode.syosetu.com/n0601ei/","多分僕が勇者だけど彼女が怖いから黙っていようと思う");999;9293
=HYPERLINK("https://ncode.syosetu.com/n0261fm/","転生したので今度は長生きしたい");999;9165
=HYPERLINK("https://ncode.syosetu.com/n0540du/","国境線の魔術師");998;9033
=HYPERLINK("https://ncode.syosetu.com/n3986di/","重装令嬢モアネット〜かけた覚えのない呪いの解き方〜");998;9391
=HYPERLINK("https://ncode.syosetu.com/n7817fn/","黄昏を切り裂く光になる〜追放された無能な少年は世界最強の対魔師に至る〜");997;9147
=HYPERLINK("https://ncode.syosetu.com/n0220bs/","氷妃を殺した暗殺者");997;9133
=HYPERLINK("https://ncode.syosetu.com/n0844fr/","召喚された聖女は国を滅ぼすことにした");996;9033
=HYPERLINK("https://ncode.syosetu.com/n7496es/","俺ってまじ誠実な勇者だから、そこんとこよろしくね！？");995;9310
=HYPERLINK("https://ncode.syosetu.com/n1784n/","ある工業大学生の受難");995;8694
=HYPERLINK("https://ncode.syosetu.com/n7354ea/","王太子妃候補、のち……");994;8625
=HYPERLINK("https://ncode.syosetu.com/n6653ea/","非異世界ファンタジア");994;8696
=HYPERLINK("https://ncode.syosetu.com/n7352ct/","異世界でアイテムコレクター");993;8916
=HYPERLINK("https://ncode.syosetu.com/n6030fi/","貴婦人は優雅に微笑む");992;8952
